text,label
i have seen many of shahrukhs movies and this is a very good role for him he has such versatility but he mainly stays in positive roles as rahul he is very dark and disturbing yet i found myself sympathizing with him much of the movie if for nothing else watch this movie for shahrukh he plays a very complex and real character very convincingly the story is very typical and has been done before but the character development is very strong and entertaining the opening is a little confusing but by the end it doesnt matter the songs i found very likable and give insight to what characters are thinking very clever i think this movie was very good and recommend it to all shahrukh khan fans it is a must see,1
a frank capra wonders of life filmkeeping the blood pumping through our veins is the responsibility of hardworking hemo the magnificentin the mids att and bell science teamed with famed hollywood director frank capra to produce a series of cbs television science films to educate the public about the universe around them a far cry from the dreary black white fodder so often foisted off on young scholars the capra films would both instruct and entertain with lively scripts and eyecatching visuals shown in technicolor the four films our mr sun the strange case of the cosmic rays hemo the magnificent the unchained goddess quickly became schoolhouse favorites where they were endlessly shown in mm formatthe star of the series was dr frank c baxter an affable english professor at the university of southern california this avuncular pedagogue proved to be the perfect film instructor genially imparting to his audience the sometimes complex facts in a manner which never made them seem dull or boring dr baxter who won a peabody award for his achievements continued making high quality instructional films after the capra quartet were concludedhemo the magnificent which was produced written directed by capra relates the story of the human heart and blood circulation system using animation and gentle humor film star richard carlson appears as the fiction writer energetically helping dr baxter tell hemos talemovie mavens will recognize sterling holloway as part of the tv production crew and the voices of marvin miller mel blanc june foray pinto colvig as various cartoon characters all uncreditedthe devotional scripture which begins the film is completely in tune with the tenor tone of the production,1
i saw this movie just recently and i said to myself this movie is bad william shatner is a great actor but he is no director its not just that the acting is bad its terrible and instead of a plot we have a very bad storyline that is called a plot what i really thought was bad was at the beginning where kirk and mccoy were teaching spock how to sing row row row your boatdo i have something against william shatner i do not but when it comes to being a director he sucks this film is not one of the worst movies i have ever seen but it is the worst of the star trek series i noticed that after this shatner did not return to direct another film in the series they apparently did not want him to direct another film again after this happened overall this movie sucks,0
if there was some weird inversed oscar academy awards festival this flick would win it all it has all the gods excellent plot extreme special effects coupled with extremely good acting skills and of course in every role there is a celebrity superstar well this could be the scenario if the world was inversed but its not instead its the worst horror flick ever made not only bad actors that seem to read the scripts from a teleprinter with bad dyslexia but also extremely low on special effects for example the devil costume which by the way is a mustsee is something of the most hilarious ive ever seen whenever i saw that redblack so called monster on screen i couldnt hold my laugh back and to top of things it looked like the funny creature was transported by a conveyorbeltdo not do the same mistake as i did checking imdb seeing that the movie was released in had less than five votes and thinking well its worth a shot cant be that badyes it couldim not even going to waste more words on this movie,0
ive never really been sure whether i liked this documentary or not it was shown on channel before a cut down version of revelations and is on the revelations video tape before the uncut show the documentary is basically friends of bill saying how great he was for an hour with video clips of the show mixed in a bit like a trailer for the film youre about to watch it also features david letterman grovelling like a worm for dumping bill off the his show before he died the reason bill made a joke about how prolife people should picket funerals and letterman had prolife advertising anyway look out for the video as revelations is bill at his ranting best,1
the only thing great about the movie is its title in this case snake on a plane is example of not judging the book by its cover the title says nothing about the movie when i went to the theater i wasnt expecting citizen kane i was expecting independence day a movie thats pure popcorn fun but instead i got that horrible roy liotta movie called turbulence yes this is how bad soap is the only thing make soap better is its title and its not even the apporiate title for the movie the wasnt even a glimpse of snake or plane minutes into the movie what a false advertising if it wasnt for its title soap would be just another unforgettable cheap bgrade summer movie and the r rating it has to be the most undeserved r rated movie of all time the makers of the movie only add a few f word to make this a r all of the violence are kept pg level you know whats really r rated the r rated superstar edge see him at summerslam instead of waste your money on a snake,0
this is by far the most repulsive and atrocious version of the scarlet pimpernel ever to be devised as a pimpernel fan i was sincerely offended by what they did to the charactersbut this atrocity is not worth watching even if you arent familiar with the storypercy blakeney for example would never stab people in the back just to get down a hallway chauvelin would never have a string of women in his bed marguerite never had an affair with chauvelin nor armand with minette whoever the heck she is chauvelin would not randomly shoot tony in the head chauvelins name is not nor has it ever been paul they have completely eradicated any reference to the pimpernels disguises replacing them instead with james bondesque gadgets and gizmosas to the film itself the makeup is horrifying the women look like clowns elizabeth mcgoverns beauty mark wanders around her face at random the poor pitiable actors have no script to work with so its not really their fault that their characters are as thin as wet tissue paper the dialogue oh the dialogue the dialogue is unbearable and whoever is responsible for all those little captions at the bottom of the screen should be forced to watch this movie as penance i counted location captions in the first halfhour before i gave up as if we cant figure out that the body of water between england and france is the english channelthe filmif i can bring myself to call it that since its really just videotape with a filteris absolutely without redeeming value do not waste your time and brain cells on this rancid drivelinstead go watch the anthony andrewsjane seymour version or the leslie howard film or indeed anything but this one,0
this dvd usually sells for around i wouldnt pay this much for the dvd if i had known what i was getting but regardless this is a pretty good disc it displays the knot in all their glory with footage from their concerts playing surfacing wait and bleed and scissors among other tracks including the spit it out music video which was apparently banned from mtvslipknot for those who dont know is essentially a symphony of the damned nine masked men who display total chaos on stage with machine gun drums squealing guitar and vocals that will tear your face off and leave you wanting more for those whove never seen slipknot before i cannot recommend enough you get this dvd probably off ebay or amazon so you can get a better deala short though well made show of the knotseven out of ten,1
the film had it moments but was disappointing in my eyes anyway it was a reworking of trespass walter hill and so the treasure of the sierra madre with less tension bite and human emotion there was some nice acting but the story was limp and lacked any real depth i watched the movie for mr reno and mr fishburn neither were inspired and both had little to say or act out of their skin for this movie has been done to death in the past and did not have to be made eats up money which could be used on better movies for an action movie it was sparse of action and as a thriller did not thrill better than watching snow fall but not for me,0
dudei liked buffy and angel as much as the next scifi freakbut this is too much the worst lead actress ever not even david hot pants boreanaz is able to save this crap no wonder i never watch fox it blows we totally gave it a chance and it continued to suck we watched four or five painful agonizing episodes i want to kill the execs at the network so bad why is money being spent on this drivel i dont get it and i dont support it and you should never waste your time watching this showunless you like it when your eyes bleed from their sockets crap crap crap,0
im not to keen on the pallbearer its not too bad but just very slow at the times as the movie goes on it gets a little more interesting but nothing brilliant i really like david schwimmer and i think hes good here im not a massive gwyneth paltrow fan but i dont mind her sometimes and shes okay here the pallbearer is not a highly recommended movie but if you like the leads then you might enjoy it,0
i enjoyed still crazy more than any film i have seen in years a successful band from the s decide to give it another try they start by playing some gigs in some seedy european venues with hilarious results the music is fantastic the script and acting are terrific the characters are spot on especially the lead singer with the high heavy metal voice makeup and personality problems the concert at the end was unreal go and see it preferably in a cinema with a good sound system,1
a fairly typical australian movie where the underdog saves the day inspite of himself i guess there is no real reason to see this pic if you have seen the castle or the dish it still leaves you with a positive feeling at the end and it as good or better than most hollywood stuff,1
wow what can i say about this film its a lousy piece of crap im surprised that it got rated as high as it did whats wrong with this film heres a better question whats not wrong with this filmthe story itself is just crap and clich heres pretty much what its aboutsome kinda nerdy kid with no friends gets picked on gets killed and comes back as a scarecrow for revenge all of that is packed into minutes of worthless film if you havent seen this movie dont waste your time watching it also the second one isnt much better so dont bother watching that eitheri rated this movie a three because i liked the scarecrows outfit not because there was anything good about the movie i think you get the picture,0
it is the best movie released in bollywood upto date the best comedy the best acting and the best direction till now rajkumar santoshis writing and direction proved that he is one of the best directors in the industry aamir khan was absolutely amazing salman khan looked good the way he acted shakti kapoor was good but jagdeep over acted as usual this comedy is still copied by people and no other writers and directors have been able to make this thing again even rajkumar santoshi hasnt been able to make this cult classic again this movie was a flop when it released but it has been a cult classic since it released and loved by all kinds of peoplestaracting dialogues screenplay direction music lyrics overall this movie is strongly recommended if you didnt watch it till now you missed something big it is a laugh riot and the best comedy i have seen till date classic films like hera pheri golmaal and jaane bhi do jaaro are not even half as funny as thisgreat movie hats off,1
any movie that offers bonnie hunt sarah silverman and amy sedaris in the supporting cast has to be well worth watching and comic actor jeff garlin takes advantage of the terrific talent he recruited for his directorial debut a sadsack comedy about an overweight man who feels out of step with the world around him familiar as larry davids manager jeff on curb your enthusiasm garlin plays james a stillstruggling year old chicago actor who still lives with his widowed mother his selfesteem is so low that he cant meet women but its the comical way he views his single status that makes his dilemma involving if the storyline sounds a bit familiar thats because the film is partially a tribute to the ernest borgnine classic marty about a lonely bronx butcher living with his meddlesome mother in fact garlin uses marty as the play which james is desperate to do since he is so empathetic to the characters situationnaturally there is a love story of sorts in this new millennium version and silverman plays beth an offkilter sexually voracious ice cream parlor server who takes him on an underwear shopping spree their best scene together is in his favorite convenience store where they improvise different characters in different aisles hunt plays a lonely elementary school teacher who shares a passion with james for jazz musician ben webster they meet accidentally in a record store and then again at a career day at her school where he hilariously exposes his sexual neuroses in front of a classroom of firstgraders including his best friend lucas pert daughter penelope played by dakota fannings lookalike baby sister elle in a wedgedin cameo and looking quite a bit like jerri blank sedaris plays the schools counselor who speaks to james after his inappropriate monologue david pasquesi plays luca a retirement home manager and his scenes with garlin have an easy rapport that makes their friendship easy to believe almost stealing the movie is character actress mina kolb who plays james pixilated mother with pluck and heartthere are also unexpected cameos from teen idol aaron carter and gina gershon dont ask but the setup is funny as well as sharply played bits by director paul mazursky as the snaky director of a candidcameratype show smear job tim kazurinsky as the unsuspecting victim of that show and dan castellaneta as the toughlove convenience store owner with his rueful bouts of insecurity and selfloathing garlins comic sensibilities resemble those of albert brooks and the casual dialogue at its best reminds me of modern romance and defending your life the one persistent problem i had with the film is pacing as some scenes dragged out longer than necessary the problem is more evident in the first half when garlin is trying to establish the right tempo and the lack of real conflict adds to the sluggishness regardless what he does well is capture that gnawing sense of desperation one feels upon the revelation that life is not what it is supposed to be that a significant other may be out of reach and that a steady diet of junk food eaten on a car hood is the only sure thing when it comes to gratification,1
slow incomprehensible boring three enthusiastic words that describe the movie of the book this is surely a case where the movie should never have been made at the expense of the book the best part of the movie was the scenery excellent the worst part was the slow moving interactions of the actors which combined with endless meaningful glances the editing is abrupt and patchy however despite this the actors worked very hard at least trying to be a little believable with a terrible script it was startling that although set in peru there was hardly a person of peruvian descent wandering about the set even in the flashback scenes depicting peru in the th century if you have any sense of history try to avoid this movie,0
haunted by a secret ben thomas will smith looks for redemption by radically transforming the lives of seven people he doesnt know once his plan is set nothing will be able to stop him at least thats what he thinks but ben hadnt planned on falling in love with one of these people and shes the one who will end up transforming him will smith is back again with director gabriele muccino after the life inspiring movie the pursuit of happiness seven pounds is yet another life changing movie experience which not only does reminds you of their previous collaboration tearful but inspires you joyfully in the end will smith also is the producer again with some of the others these movies are very realistic which depicts a common mans life his struggles through life seven pounds might have took some time to gain its actual momentum but just after half an hour of the movie the movie is all set to rule your heart also this movie has some twists revolving around which lets the viewers keep guessing director gabriele muccino once again is the winner all the way with his emotional yet inspiring message he makes all the characters of the movie very real that the people would actually find themselves in somewhere of the movie along with the director will smith is yet another winner with his superb acting skills once again the duo of the director the actor works as a charm also there are other talented actors in the movie who did their part pretty well rosario dawson beauty with brains thats what she can be called she looks beautiful does her part extremely well barry pepper gives a great support to the movie woody harrelson does the same although woody did not had much screen timingwould have been good if he had more you wont forget this movie easily watch this movie change your life top class cinema,1
this movie represents the times it was made in as much as the original i suppose which is really sad because at a deeper level the title vanishing point the original is so ironic im sure it wasnt intended that way but the original was filmed in and released in the real vanishing point was the end of an era which pretty much ended in the early s in this remake all the countercultural elements have been stripped away and been rendered more pc in an attempt to reach a broader audience presumably sanitized for your protection inserting the american indian scenes was gratuitous and the idea of a noble purpose to the trip was subtraction by addition im glad i watched it however it made me appreciate the original that much more the original is a cult classic and golden this remake is dreadful,0
i first saw ice age in the subiaco cinemas when it came out back in i was only at the time but even then i liked it it had some sort of warmthweve had it on video for a number of years now and no matter how many times you watch it it never gets boring this is because of the one element which makes it different from all of the other d animations made at the time the characters have no particular home which they leave they are nomads and thats really refreshing and uplifting to watchalso each individual character on the surface appear to be just putting up with each other but theyre really all good friends as well all of the characters have their own charms even the bad guys sid the sloth is charming in his annoying overaffectionate and naive sort of way manny is adorable in his depressed reclusive character and so on and so forthanother great point about the movie is the beauty of the animation all the environments and characters were modeled originally by clay giving the film an artistic edgeanother aspect that adds to the feel of the movie is that gender means very little there are hardly any female characters but you dont really realize that until after you watch it a few times and even then it has little effect on the way you view the film due to this theres also no mention of a nuclear family which would really be pathetic in a setting like the ice ageall in all ice age is a great movie and is proof on how much effort was put into d animations before shrek and the incredibles came out,1
kpax is exactly what a heart warming film should be the story is about a mysterious mental patient prot played by kevin spacey and his unbelieving psychiatrist dr powel played by jeff bridges the two have a very friendly bond and as their relationship grows dr powel cant help but wonder whether or not there is more to his mysterious patient who insists he is from another planet called kpax this film is very funny and kevin spacey pulls of well placed one liners as if it was his second nature kpax is a smart film and i wasnt expecting it to go where it did in the end i found myself thinking about the small things in life and the wonder and magic of the every day life we so often take for granted i left the theater with a warm fuzzy feeling inside and for families and couples on a date kpax is a splendid film that will not disappoint i highly recommend this film to anyone interested in something more than the monotonous releases of glossy action packed gore fests,1
as a longtime fan of all the star trek seriesi found this a disappointing episode and i wonder if the liberal use of flashbacks featuring will rikers exploits both positive and largely romantic and negative lots of pain and a crewmates deathwas a moneysaving device as were many of their bottle shows episodes in which all scenes take place on the enterprise diana muldaurwho also appeared at least twice on the original series deserved a better final appearance than this for her character dr kate pulaski loyal viewers in the star trek world is there any other kind also were shortchanged this was the last episode of second season thus the season ended not with a bang but with a whimper,0
i own a copy of this film and have always loved it i comment here however because i saw the pbs presentation of a concert version of sweeney todd earlier this week that production was put on by the san francisco opera and starred george hearn and patti lupone in the early s hearn replaced len cariou as sweeney cariou had won the tony for his performance i saw hearn and angela lansbury who also won the tony for her performance as mrs lovett perform sweeney on broadway they must have made the film at about the time i saw the show to this day the most moving moment i can ever remember in the theatre occurred when hearn sang these are my friends these are my friends see how they glisten my arm is complete again hearns performance in the san francisco opera production convinced me that he has lost nothing in the nearly twenty years since i first saw him perform the piece on broadway and later in the film what a talent he is sympathetic funny and scary all at once and he can sing boy can he sing all of this reminded me of how terrific the film is highly recommended ten out of ten,1
the acting is excellent in this film with some great actors it was fun to see fred mcmurray as a young man this is not a comedy its a drama and the apparently comedic instances are pitiful this is not a comedy its a drama and the apparently comedic instances are pitiful and some of them appear forced and contrived its in the script though not the fault of the actingthe line requirement forces me to write some morehmmm loved carole lombards my man godfrey because it is a comedy and while the acting is wonderful the story line and the script itself wins the day carole lombard is pretty and a wonderful actress i will try to watch fred mcmurrays features,0
according to the budget information given on this web site dark harvest had an estimated budget of where this money was spent im not exactly sure let me seecostumesnolocation and setshmmm think notspecial fxnotacting lessonsah no dark harvest tells the epic tale of a young man who inherits a family farm in the hills of west virginia his girlfriend talks him into taking their friends up there to check the place out once there our intrepid hero learns that his great grandfather used a unique method for getting his crops to grow and now its revenge time killer scarecrows out for revenge ewww scary well no not really we all know there have been some terrific movies made with very little money but this is not one of them this film contains pretty much some of the worst acting and dialog ive ever seen terrible clichs with terrible delivery all in all do not be fooled by the half way decent cover and avoid at all costs id like to give the film makers at least a d for trying but im afraid they didnt even do a good job with that grade f,0
i first saw this when it was picked as a suggestion from my tivo system i like danny elfman and thought it might be interesting on top of that im a fan of max fleischers work and this started out with the look and feel of his s cartoon with both of those i thought it would hold my interest i was wrong just a few minutes in and i had the fast forward button down i ran through it in about minutes and thought that was itafterwards i read some of the other reviews here and figured i didnt give it enough of a chance i recorded it again and watched it through theres minutes of my life im not getting backi cant believe there arent more bad reviews personally i think its because its hard to get to the line comment minimum how many ways are there to say this is a waste of timethe movie comes across as though it was made by a few junior high kids ready to outrage the world and thinking they can with breasts profanity and puke jokes the characters are flat the parody of swinging the alphabet is lame essentially cobbling the tune getting through a e hitting the obvious profanity a f and then having no idea where to go the trip through the intestines to the expected landing doesnt work the first time let alone the following ones across the board the entire movie is what you would expect from someone trying to outsouth park stone and parker without the ability to determine what is and isnt funny this might be amusing if youre high otherwise its not,0
this is the worst movie ive ever seen and i have seen lots of movies me and my friends rented this one a wendsday evening man we had lots of fun this movie is the worst most boring crap ive ever seen but it makes you laugh u will lay on the floor rolling around tryin to get some air you wonder why just rent it and check for the keyboard playing girl at that sleazy russian bar my mother would make a times better movie about her feedin the cats,0
the main problem of the first vampires movie is that none of the characters were sympathetic carpenter learned from his mistake and this time used a likable vampire hunter and a charismatic vampire the female vampire una certainly is the coolest vampire since blades deacon frost unfortunately while there are some good concepts like a cool slow motion restaurant scene why didnt carpenter use more of this this movie is nowhere near as good as it could have been i expected to see strong vampires in action and at least one longer lasting nicely choreographed fight sequence for example inside a city and was left somewhat disappointed while los muertos proceeds at a faster pace than its predecessor it still drags a little in some parts though nowhere near as bad as vampires did much like vampires however this movies climax near the end is not very intensemost of the above may sound like los muertos is a bad movie but it definitely isnt it is generally enjoyable and ranks among the better entries to the genre it is neither an unoriginal dracula remake like almost every other vampire movie out there nor is it an unintelligent action spectacle like blade ii it simply could have used a bit more excitementid really like to see a third installment made by carpenter but its probably not going to happenspoiler warning the ending was way too predictable una should have gotten away that would have made the movie quite unusual,1
this movie stinks majorly the only reason i gave it a was because the graphics were semi charming its total disregard for a plot and the lack of even insubstantial surface character development made it seem like just a bunch of nice drawings this is by far the worse anime that came out of japan i cant believe they actually put their names on this garbage what a rip off selling this thing for if you havent seen this dont bother if you have i pity you,0
bugsy siegel was when he went out to the west coast in addition to his dreams about las vegas he toyed with the idea of acting he was a good looking guy and about years younger than his pal george raft so it wasnt such a crazy ideawarren beatty was when he made this movie and despite the hair dye hes too old for this part beatty was miscast bugsy should have been played by someone like alec baldwin bugsy was a tough guy feared by his contemporaries beatty just doesnt radiate menacethis was a vanity project for beatty who hasnt come to terms with the fact that hes no longer a leading manthe other big annoying miscast is mantegna as george raft raft had a distinctive voice and mannerisms none of which mantegna even attempts to match you never once believe that mantegna came from the streetswarren beatty and robert redford have both been pretending to be younger for years by massive use of hair dye and now itll be a shock to suddenly go gray and play character parts,0
it is quite rare that a movie comes along that is so useless that i with imdb allowed the use of negative scores in fact i reflect back upon this movie and i truly cannot think of a movie that had so little going for it acting your kidding right direction no a plot no this movie has nothing going for it if you take it as a serious movie this is often the case with movies of this genre but most movies of this nature can be watch as if they are a comedy and you can laugh at how pathetic the characters and situations are and almost get your times worth this movie is so empty that it cannot even suit that purpose i have to give this a three points lower then any other movie i have ever rated i truly feel that the staff involved in this movie should pay me for the minutes i spent watching it i do not really have the words to describe how bad this is no one should ever watch this for any reason again,0
oh there are many worse wayne movies this movie is edited poorly but it has a campy element that makes watching it enjoyable the villain is an anglo actor who sports ridiculous mexican clothes and affects an overthetop mexican accent which is hilarious the girl is dressed like a jean harlow wannabe this is after all at least the location shots are beautiful and enjoyablewatch it and laugh dont expect a serious western but rather a lightweight and superficial story with poor acting but occasional flashes of camp humor wayne is almost ludicrously young and handsome and one can see his acting ability blossomed years after this regrettable venture,0
wow this film is the best living testament i think of what happened on in nyc compared to anything shown by the major media outletsthose outlets can only show you what happened on the outside this film shows you what happened on the inside it begins with a focus on a rookie new york fireman waiting for weeks for the first big fire that he will be called to fight the subject matter turns abruptly with the only existing footage of the first plane to hit the towers you are then given a frontrow seat as firefighters rush to the scene into the lobby of tower one in the minutes that precede the crash of the second plane and tower twos subsequent fall you see firemen reacting to the unsettling sound of people landing above the lobby it is a sight you will not soon forgetheartrending tearjerking and very compelling from the first minute to the last deserves to go down in history as one of the best documentary films ever madewe must never forget,1
the cinema of the s was as much as time of revolution as the politics and the music filmmakers were daring to make avantgarde films discussing taboo subjects only permitted before in exploitation films starting with both breathless and underground american cinema such as kenneth anger films became more and more experimental all of this accumulated when hollywood realized they had mass commercial appeal with easy rider one of the best and most surprising outputs of this era was also one of the least successful initially head was made when the monkees career was seriously waning which is what damned one of the best psychedelic films ever madethe plot well there really isnt one as many have said it involves the monkees going from one surreal scenario to the next one however these sequences are all obviously lsdtinged and basically mock how the monkees were sick of being confined to their light prefab reputation its a shame that the film found no audience the teeny boppers who loved them had moved onto a new fad as they always do the psychedelic haightashbury crowd to whom the film was garnered would never be caught dead at a monkees movie its all their loss this film may be plot less but it is certainly not without meaning and is very intelligently put together the crew later made both easy rider and five easy pieces the film was later revived at a raybert retrospective and it gained a very positive response which granted it the cult following it had deserved for a long time ironically the monkees would fall victim to the same commercialism they protested in this film with their later s reunion,1
with all this stuff going down at the moment with mj ive started listening to his music watching the odd documentary here and there watched the wiz and watched moonwalker again maybe i just want to get a certain insight into this guy who i thought was really cool in the eighties just to maybe make up my mind whether he is guilty or innocent moonwalker is part biography part feature film which i remember going to see at the cinema when it was originally released some of it has subtle messages about mjs feeling towards the press and also the obvious message of drugs are bad mkayvisually impressive but of course this is all about michael jackson so unless you remotely like mj in anyway then you are going to hate this and find it boring some may call mj an egotist for consenting to the making of this movie but mj and most of his fans would say that he made it for the fans which if true is really nice of himthe actual feature film bit when it finally starts is only on for minutes or so excluding the smooth criminal sequence and joe pesci is convincing as a psychopathic all powerful drug lord why he wants mj dead so bad is beyond me because mj overheard his plans nah joe pescis character ranted that he wanted people to know it is he who is supplying drugs etc so i dunno maybe he just hates mjs musiclots of cool things in this like mj turning into a car and a robot and the whole speed demon sequence also the director must have had the patience of a saint when it came to filming the kiddy bad sequence as usually directors hate working with one kid let alone a whole bunch of them performing a complex dance scenebottom line this movie is for people who like mj on one level or another which i think is most people if not then stay away it does try and give off a wholesome message and ironically mjs bestest buddy in this movie is a girl michael jackson is truly one of the most talented people ever to grace this planet but is he guilty well with all the attention ive gave this subjecthmmm well i dont know because people can be different behind closed doors i know this for a fact he is either an extremely nice but stupid guy or one of the most sickest liars i hope he is not the latter,1
im serious as well i mean dont get me wrong if you havent got a bent for this type of z grade creaky creature feature why would you be watching is my first thought then its a rating of about to out of tops but to me its a special kind of nonsense that takes me back to a nice time in my childhood you know the kind the memories that never leave you eagerly taking it all in with youthful wonderment as doug mcclure and peter cushing tunnel beneath the mantle to do battle with a host of creatures and subhuman species and guys now we are all grown up we can admire most seriously at the wonder of caroline munro and her heaving cleavage no wonder my older brother was keen to take me to the cinema to see this oneyes the effects are bad men in suits strings pinging parrot monsters around and exploding rubber frog like thingies amuse us greatly and yes cushing and a surprisingly pudgy mcclure act as if they have truly been mesmerised by the evil meyhas at the core of our film but it matters not zany and clunky and awash in glorious colour at the earths core is a throwback to a special preilm time when kids like me queued around the block to see such joyous nonsense,1
a trooper is on the side of the road making sure every is obeying the speed limit doing his job he then pulls over a woman who appears she is a mother there is a child in the back seat he then is telling her what is wrong and bamthey get killed okay this is the start of what i personally thought would have been a good movie when i was watching this movie in the theatre i was with some friends this was our first night out after the summer so we wanted to go and see a good movie we all decided to see a suspensethriller that looked good to everyone in the groupthis was one of the biggest mistakes of my life not only did i waste oo on a movie ticket but i had to sit through torture for the brain this movie started off with mystery and suspense and i seriously thought this cant be badi was so wrong the whole problem with this movie is that it makes no sense even if you can get passed the bad acting the not so scary storyline and the over all horrible mess this movie was you will still be puzzled its not because youre not smart enough to understand it its because no human with a brain could comprehend what this stupid movie is about right now you may be thinking oh man i have to watch this movie just to see if its as bad as this person says it is get that thought out of your head right now im trying to save you the trouble of watching this movie by telling you that it is so bad that there is no point in even considering seeing it please people dont make the same mistake i did thinking that this movie has potentialit doesnt i give this movie out of if i could give a zero i would and i do not recommend anyone to ever see this movie youll be saving yourself many sleepless nights trying to think wtf that freaking movie is about,0
gdon and jules naudet wanted to film a documentary about rookie new york city firefighters what they got was the only film footage inside the world trade center on september having worked with james hanlons ladder company before jules went with the captain to inspect and repair a gas leak while gdon stayed at the firehouse in case anything interesting happened an airplane flying low over the city distracted jules and he pointed the camera up seconds before the plane crashed into tower onejules asked the captain to follow him into the towers the first thing he saw was two people on fire something he refused to film he stayed on site for the next several hours filming reactions of the firefighters and others who were therethe brothers naudet took great care in not making the movie too violent grizzly and gory but the language from the firefighters is a little coarse and cbs showed a lot of balls airing it uncensored the brothers naudet mixed footage they filmed with oneonone interviews so the firefighters could explain their thoughts and emotions during particular moments of the crisis unlike a feature film of similar title most of the money from dvd sales go to related charities very well made emotional moving and completely devoid of political propaganda is the best documentary of the sort to date,1
and how it made it into production astounds me the main character is an obnoxious show off who isnt the least bit funny i cant stand the character at all hes a dumb ass with nothing to offer the show this is the worst cartoon to surface in the last years no joke the story lines are both poorly written and executed the jokes are as bad as the ones on disneys sweet life of zack and cody i could not dislike this show more its terrible and should be canceled even the theme song is bad the title even worseits as though this show is written by a couple of year olds that based the character on themselves and think theyre hot stuff when theyre really just arrogant and lack creativity as well as humorjohnny test go away far and fast,0
this movie is well made it is beautiful and wise it is heartwarming it is great and again it shows how great peter falk is he is fantastic and he even gets better the older he gets thank you peter falk thank you very much for this gem of a movie this movie entertains there is lot of wisdom in this movie there is lot of humor in this movie there is life in this movie and meaning this movie shows how life can bepeter falk is in that movie he is just great where is the oscar for peter falk he deserves it so very muchpeter falk just turned i do sincerely hope that there will be more movieswalter j langbein,1
though i cant claim to be a comic book fanatic i have read my share so i guess im part of the audience of this film and i wasnt disappointed it does run out of steam near the end its almost overflowing with ideas and it seems like lena olin one of my favorite actresses was left on the cutting room floor also a little of hank azarias blue raja can go a long way still its easy to forgive all of these faults when you have a film which is this much fun all the actors seem to be having a blast with their roles especially william h macy as the straightarrow shoveler and janeane garofalo as the bowler and unlike some i found the design of the city to make the joke even funnier i also liked how disco was the music of choice of the bad guys somehow it seemed appropriate,1
ive seen my fair share of badly thoughtout endings and final twists to films but i dont recall any film that committed outright suicide like this one didthe film makers were clearly hoping that the great twist would surprise us all and it did but perhaps not in the way the directors had hoped i was left feeling surprised that connery harris fishburn and capshaw had anything to do with this turkey individually or collectivelythe film up until the final thirty minutes was rather engaging and i like the way the story was unfolding and the nature of the film overall but once the twist was revealed the plot holes and inconsistencies were remarkable the underlying motive for revenge was illconceived and the ways things so neatly worked out for bobby earl was ridiculously farfetched whats worse is that once the twist was revealed the remainder of the film became excruciatingly predictableharris gave a terrific performance and connery is like morgan freeman in that he never gives a bad performance even if the movie aint that great so all in all it starts well and the unfolding keeps the viewer interested the last minutes is one of the most memorable nose dives in the history of cinema,0
this is without a doubt the funniest comedy of the year everybody is brilliant the acting is superb you can see that the actors enjoyed making this film its a shame to spoil the film with give aways so rent it and laugh your ass off,1
this hodgepodge adapted from a gore vidal novel actually one of the great american writers makes the magic christian and valley of the dolls look like fellini artworks raquel welch with an incredible body and shes actually not very tall in a lead role except for kansas city bomber when she was quite good playing rex reeds bad movie reviewer not critic alterego only to be surrounded by drag queen great chick mae west horny john huston a young and naive farrah fawcett prelee majors what a shame and other various creepazoids to pretend to spoof way too may things has nothing going for it except interspliced old films clips ie widmark in kiss of death lena hornejust so they can continue to bleed the life out of everyonea out of best performance its so bad its worth seeing,0
when i refer to malice as a film noir i am not likening it to such masterpieces as sunset boulevard double indemnity or the maltese falcon nor am i comparing director becker to alfred hitchcock stanley kubrick stanley kramer or luis bunuel i am merely registering a protest against the darkness that pervades this movie from start to finish to the extent that most of the time you simply cannot make out what is going on i can understand darkness in night scenes but this movie was dark even in broad daylight for what reason i am at loss to understand as it is however it wouldnt have made much difference if director becker had filmed it in total darkness,0
ive watched this movie on a fairly regular basis for most of my life and it never gets old for all the snide remarks and insults mostly from david spade tommy boy has a giant heart and thats what keeps this movie funny after all these yearstommy callahan chris farley is the son of big tom callahan brian dennehy master car parts salesman and has ridden on that all his life but after his died dies on his wedding day tommy learns that the company is in debt and about to be bought by ray zalinsky dan akroyd the owner of a huge car parts company so in order to save the company tommy has to go on the road to sell the companys new brake pads along for the ride though not by choice is richard hayden david spade a former classmate of tommys who was big toms righthand manthe movie rides on the chemistry between the two snl stars and reallife best friends chris farley and david spade the duo has enough comic energy going between them to power the world its the big dumb guy versus the smart little guy it works and some of their scenes are unforgettably funny farley and spade are actually decent dramatic actors as well although the film is primarily a comedy it has its fair share of drama but spade and especially farley are just as good there as when theyre making the audience laughforgive me but i have to talk about chris farley a little more i read his biography the chris farley show a biography in three acts for anyone who cares and understanding who chris was in real life made this movie more special to me chris farley was a genuinely good person who struggled and ultimately failed to conquer his addictions although this was the first movie he had a major role in it is his best film it really showed who he was and just how much talent he had knowing chriss story adds another layer to this movie although it doesnt make it any less funnyfarley and spade are matched with a good on screen cast rob lowe is suitably slimy as tommys new brother and bo derek is solid as his stepmother brian dennehy is great as big tom dennehy makes it easy to believe that theyre father in son big tom is just as crazy as his son although hes smarter and more mature dan akroyd gives one of his best performances as zalinsky giving tommy the hard truth behind advertising julie warner is also good as tommys love interest michellefor me peter segal is one of the great comedy directors he keeps the pace quick and energetic but most importantly he knows how to make comedy funny he doesnt belabor the jokes and he understands that funny actors know what theyre doing and he allows them to do it but segal goes a step further he gives tommy boy a friendly almost nostalgic tone that both tugs the heartstrings genuinely and tickles the funnybonecritics didnt like tommy boy shame on them a movie doesnt have to be super sophisticated or subversively intellectual to be funny god forbid farley and spade were forced to do muted comedy a la the office this is a great movie and one of my alltime favorites,1
i watched this mini in the early eighties sam waterson proved himself to be a great actor in fact when he began law and order i was disappointed in him as it was not as powerful a role unfortunately the good roles do not pay the bills i wish i could find a copy of this rare series and review it it is both factual and entertaining everyone should see it to know what really happened i was so moved i purchased and read the book pppenheimershatterer of worlds and saw how this man became an unlikely hero who was never rewarded for his insight if you get a chance be sure to watch this movie and see what a performance mr waterston can really provide an audience enjoy the movies,1
i liked this a lot in fact if i see it againand i plan to i just may love it ill echo other reviewers in saying that this movie really does grow on you as you watch it starts kind of slowly but the way in enfolds is very natural and has a mood to it you just get into iti really liked the summery atmosphere to the movie and thought the movie was very touching as a whole the characters have a strong element of realism and the movie very slowly and gently weaves a spell as you get involved in the various interactions between them all and want to know how it will ultimately turn out and what paths the characters will choose to take i am very surprised that there are less then a dozen comments on thisthere are obscure tv movies that have more comments then rich in loveone thing that i will say is i missed the ending which is driving me crazy and i have to watch it again to see that this is a movie that may not be for everybody but that i feel is strongly underratedeven some of my most film buff purist friends who have seen almost every movie there is havent seen this and it doesnt even seem to have much of a message board but i liked it a lot and to all those who like family dramas that are warm on scenery atmosphere and an unhurried languid pace should probably take a look at this especially note worthy is that it takes place in south carolina so for those like me who love the south and movies that take place there this is a gem ill add my vote to the woefully few comments and recommend this little known flick,1
this film is terrible honestly the acting is terrible the script made me cringe the effects are completely lousy which i usually dont mind for older films but this was made just two years ago and everything about it just annoys me a few friends go out on halloween into the woods and meet a witch and her cannibal son of course before that it has the clich you really believe that ha ha ha its just a story routine dragged out for a while the witchs cannibal son was made a retard i dont know if it was for comedy or to make it creepy but this film failed at both it has minimal gore and no nudity which made a bad film even worse heck the only good thing about this film is the leg eating scene and even that could of been betterhonestly dont even waste your time watching it on cable and certainly dont consider buying or renting this else youll be kicking yourself for wasting time which could of been spent doing something more constructive or entertaining,0
fool for love is one of the several now forgotten films robert altman directed throughout the s this one a screen adaptation of a sam shepard play that features shepard in the lead role just simply isnt very good altman made many notverygood films over the course of his fascinating career and many times the fault was his but here i think the fault lies with shepard for writing such a flimsy play altmans direction is assured the performances are ok given what the actors have to work with but this inconsequential screenplay goes nowhere and takes its time getting thereshepard is eddie a stuntman who has a lovehate relationship with may kim basinger the two fight endlessly over the course of an evening spent in some dusty motel in the middle of nowhere while a mysterious man harry dean stanton who may be either a figurative or literal father to both eddie and may quietly observes randy quaid rounds out the fourperson cast as a gentleman callerthe only dramatic hook in the entire plot is the suggestion that eddies and mays relationship is incestuous however this hook feels more like a gimmick than anything the screenplay doesnt explore their relationship in any detail and it doesnt use their relationship to explore any more universal themes shepard and basigner create eccentric mannered characters who grow irritating within the first five minutes stanton and quaid have little to do but provide reaction shots the last half hour or so of the film is especially bad when eddies and mays back stories begin to play out in flashback over monotone somnolent voice overchalk this up to another of altmans experiments gone awrygrade c,0
this is a very sad movie really nothing happens in this movie the script is bad i guess theyve just copypaste the first pages to pages the producers must have thought lets create a hollywood movie here in belgium they didnt succeed now in the third week it is only running in antwerp and brussels at h or something in the past we have had really good movies in belgium like daens shades is a waste of your time maybe you could sneak in the theater after youve seen a real movie if youve seen minutes of shades youve seen it all it was advertised to death on local radio and tv i hope it will disappear in the shades soon,0
looking for quo vadis at my local video store i found this version that looked interesting wow it was amazing very much a ken russell kind of film quirky stylized very artistic and of course different nero was presented not so much as evil incarnate but as a wacky unfulfilled emperor who would rather have had a circus career he probably wondered why on earth he was put in the position of leading an empire it wasnt much fun and fun is what he longed for klause maria bandaur had a tremendous time with this role and played it for all it was worth yes nero persecuted the christians with a vengeance one of many who did so at one point one of his henchmen murmurs no one will ever understand we were simply protecting ourselves he got that right,1
heres another of the s westerns that i watch whenever it comes on tcm or fmc because although it may be flawed historically it is extremely entertaining and well acted plus its got randolph scott my favorite actor second only to gary cooperwell ok fourth behind coop charlton heston and gregory peck but the film itself to me anyway is reasonably historically accurate and as i said before well acted and flows very welli bet ive seen it or times and enjoy each viewing more than the one before i have it on tape from tcm but would buy it in a minute if it ever came out on dvd see it if you havent i guarantee youll like it,1
ive been strangely attracted to this film since i saw it on showtime sometime in the early s i say strangely because it is rather a ludicrous bit of softcore fluff a genre im not particularly interested in the dialogue is pompously and nonsensically philosophical making sense no doubt only to its francoitalian producersand the plot completely extraneous what it does achieve is a wonderfully hypnotic and thoroughly pleasant mood the scenery the beautiful philippines softfocus nudity and wonderful score all contribute to a strange and extremely watchable exercise in a sort of film making seldom seen today it is truly one of my great guilty pleasures i was fortunate enough to find it on an old laserdisc and have watched it more times than i think is healthy a worthwhile moodpiece,1
im writing this note as a chess player as well as as a movie viewer i watched the kasparovdeep blue games on the internet i know something about the issues that were raised other chess players will come along and want to know whether this movie is worth seeingbuying and im talking largely to them however ill try not to ignore those who arent into chessthis movie is about the match between garry kasparov and the custombuilt computer deep blue however the first image you see in the movie is not of kasparov or of the computer but of the turk this is an automaton which was built in europe at the turn of the thth century and played winning chess against all comers i put the word automaton in quotes because it was as everyone now knows a fake there was a man inside itif you dont like seeing the turk then you wont be able to stand the movie because the turk has as much screen time as kasparov maybe more both in modern footage and in bw footage from some old movie the reappearance of the turk every few seconds underscores kasparovs charge that deep blue had human assistance that it was to some degree a fake computer that ibm cheated that there was a man inside it working behind the scenes to help it win not only does kasparov believe this but the filmmakers seem to believe it too and so this is not really much of a movie about chess games or about programming chess computers it is a propaganda piece about a big corporation supposedly misusing a helpless grandmaster really it is a lot like a negative campaign ad as it is chock full of ominous music and evocative camera work and spooky sound effects and innuendos we never found out what was behind that locked door and the everpresent turknow most people in the chess community are pretty much convinced that ibm did not cheat and that this was garrys paranoia at work to start with in order for a human to help deep blue beat kasparov it would seem that you would need a human who was better than deep blue and better than kasparov since there was no such person the whole idea is a bit suspect from the start furthermore by the time this movie was made there were computer programs that could run on your pc that could beat strong grandmasters today much more than in we take it for granted that a computer can do things you might not expect and we are less likely to take it as a monumental human tragedy that a computer beat a guy in chess and in fact the bottom line is that kasparov beat himself with two bad mistakes including resigning game in a drawn position as for the chess games you actually see very little of them there are a few comments from masters and commentators that tell briefly how they went but really you dont get to see hardly any of the strategy or tactics at all naturally as a chess player i take this as a major shortcoming but i think that nonplayers are being cheated too imagine a baseball movie for example where you dont hardly get to see any of the game just a commentator telling you that in game four the white sox defeated the astros with such and such a score nobody would make a movie like that but here for example we are told that kasparov made a bad blunder in the opening of the decisive game but we arent shown the position on the screen or told why it was a blunder or what he should have done instead or anything we just see a few seconds of kasparov holding his head in his hands and then more atmospheric sound effects and camera worksince i saw this on dvd let me warn chess players about the dvd as well the jacket promises you that the extras include the games with analysis is this grandmaster analysis which people like us might find interesting no it is the automated computer voice synthesizer analysis from some version of chessmaster that tells you when a piece is attacked and a pawn gets isolated and that you are in the carokann defense main line blahhhh someone might then come along and say well clearly this movie is meant to dramatize the match for the nonplayer and so its unfair to be impatient with it but actually it doesnt do a very good job of reaching out to the nonplayer either it skates over some points that a true novice would really want to have explained for example it says that kasparov could have gotten perpetual check in the second game but it doesnt explain what that is or show what it would have looked like on the board which would have been interesting it flashes back to the kasparovkarpov matches but doesnt explain why there were two of them or who organized them etc i didnt need this information myself but im familiar with it if you dont already have chess experience there are places where you are going to be confused and this is just a defect in the filmultimately i cant recommend the movie which like the turk itself is not what it purports to be a documentary but more of a stage illusion,0
one of the best documentaries released in recent years some points hugo chavez was elected venezuelas president in his support largely coming from the poorer regions of venezuela in a coup briefly deposed chavez at the time irish filmmakers kim bartley and donnacha obriain were in caracas shooting a documentary about chavez for british television their film deconstructs the coup and its aftermath and electrifyingly records history unfolding onthespot outside and inside the presidential palace chavez aimed to free venezuela from the freemarket policies imposed on it by the us though venezuelas oil was already stateowned it was run for private benefit by executives who chavez wished to replace despite being the worlds fourth largest oil supplier venezuela remains swamped by poverty its resources literally sucked away by foreign multinational corporations the documentary begins by portraying chavezs first years as president before the coup it focuses on his popularity with the poor and his various policies which proved popular with working class locals educational plans distribution of the oil revenue grassroot democracy etc chavez was a huge proponent of education and printed thousands of copies of the venezuelan constitution encouraging children and adults to study and understand it when chavez came to power he immediately pledged to redistribute oil profits this understandably made the oil companies nervous a mediawar broke out the six private tv stations promptly began opposing the staterun tv station they questioned chavezs motives sanity and sexual orientation without media support the coup would not have been successful the film makes it clear that coups rely heavily on the media to disseminate information and that news can be easily fabricated under the guise of reestablishing democracy the opposition silenced the staterun tv station dissolved the national electoral board supreme court national assembly and took control of the military moneyed interests backed by the military elite encouraged by the us and cia organised a citizens march on the presidential palace to effect the coup snipers shot at chvez supporters but the private media stations edited footage so it appeared that return fire was aimed at the opposition march that in fact had been safely diverted police went on a shooting rampage against chavez supporters further bloodying the streets chavez held captive refused to resign of course the mediagovernment then lied saying he had resigned but chavezs cabinet members communicated the truth to the international community which eventually got the message back to venezuela by cable tv the people rose up pressuring the return of the president they had elected whom only a referendum could constitutionally replace at a little over an hour long this doc is far too short nevertheless its an engrossing piece of journalism and deals with a form of media warfare which rarely gets touched upon makes a great companion piece to the battle of algiersworth one viewing,1
i have always been a great admirer of nicolas roeg and walkabout is one of my favorite films this is a film version of roegs stage play and while most of the film takes place in a hotel room it still has some of roegs cinematic flare very unique story is about a famous actress theresa russell who after a hard nights work on a film in goes to a hotel to visit a famous professor michael emil and together in his hotel room they talk after awhile she wants to go to bed with him but as they start to get undressed her husband is banging on the door her husband is a famous exbaseball player gary busey and he wants to know what is going on the three of them in the hotel room talk about what is going on and what the future holds for them meanwhile a famous senator tony curtis is threatening to take away the professors papers if he doesnt testify at a hearing theresa russell is just excellent and while shes not trying exactly to impersonate marilyn monroe she does a wonderful job of exuding the phobias and nuances that monroe is very well known for one thing the film does is show her as not only a woman on the verge of a mental breakdown but show her as a physical wreck as well she talks of being unable to have children and at one point in the film she suffers a miscarriage you can make an excellent case that this is russells best performance and i probably wouldnt argue the film does an interesting thing in showing many flashbacks as the characters continue to talk about one thing and in the flashback we see one of many reasons for their actions busey also gives a good solid performance and it reminds me of what a strong persona he gives off on screen emil as the professor is a character that has many more things on his mind then we originally thought the last scene in this film is a demonstration of his darker side one of the highlights of the film for me is the little conversation he has with the elevator man will sampson of cuckoos nest and they discuss what cherokee indians think about at all times but of course the famous scene in this film is where russell demonstrates to emil how she does understand the theory of relativity and uses toys to show this the professor is delighted by her demonstration and so are we russell and roeg are married in real life and they do admirable work when they are in collaboration and this is probably their best film together good performances and a very interesting job of directing make this a challenging and visually thought provoking film,1
only if you are crazy about amber smith should you see this besides her svelte body there is pretty much nothing in terms of cinematic value she even has a lesbian scene in this one my guess is she is trying to metamorphize into those late night scream queens ala shannon tweed and julie strain,0
back in his youth the old man had wanted to marry his first cousin but his family forbid it many decades later the old man has raised three children two boys and one girl and allows his son and daughter to marry and have children soon the sister is bored with brother and jumps in the bed of brother one might think that the three siblings are stuck somewhere on a remote island but no they are upper class europeans going to college and busy in the social worldnever do we see a flirtatious moment between any nonrelated female and the two brothers never do we see any flirtatious moment between any nonrelated male and the one sister all flirtatious moments are shared between only between the brothers and sisterthe weakest part of gladiator was the incest thing the young emperor commodus would have hundreds of slave girls and a city full of marriageminded girls all over him but no he only wanted his sister if movie incest is your cup of tea then sunshine will slowly thrill you to no end,0
i have no idea what idiots gave this movie a palm dor at the cannes film festival because it was atrocious i actually watched the entire thing simply because i couldnt believe that someone would make such a worthless film there is nothing interesting about the plot the characters are devoid of depth and there is no attempt at giving any sort of ambiance with music or sound effects also if you do decide to waste hours of your life by watching this film be sure to bring something to throw up in because the cinematography is simply someone running around with a handheld camcorder and half the time you cant even see the main subjects this style has been used much more successfully in movies such as blair witch because it creates suspense in rosetta there is no plot and no suspense to which that style would lend anything i should have known better when it came on at oclock in the morning that it was going to be horrible,0
from the start this film drags and drags clumsy overdubs explaining the history monochrome acting boring sets total lack of any humanity verve or style the actors look as if they are drugged potentially an interesting story completely wasted surely somebody realised how bad it was at some point in producing it,0
return to me is a charming gem of a movie with an absolutely star studded cast who can go wrong with this modern day fairy tale it also includes many many jokes written by the funny girl herself bonnie hunt who wrote and directed this film david duchovny is also very good showing a different approach then from his everday alterego mulder on my favourite show the xfiles a great date movie,1
this unpleasant film has little to recommend it dolph lundgren gives a performance that is better than either this script or his other action films have allowed and there are occasional snippets of dialog that suggest the film might have been able to provide some insight into a bizarre subculturebut no motivations are either murky or trite most of the acting is subpar the script creates needless confusion and the directors needless fascination with focusing on gore is distractingits hard to imagine who the audience is for this film,0
this film is an absolute classic for camp that is why it was an elvira and mst classic everyone knows the story scientist keeps his girlfriends head alive in a lasagna pan in his basement while he cruises town and tries to find her a body by checking out the local chicks finally he finds a real hourglass body with a scarfaced chicks head on top the severed head makes friends with the failed experiment in the closet and the conehead comes out of the closet and rips off the assistants remaining good arm his other is not right from a scientists earlier failure and the whole place burns downthe movie scared us so much as kids that my friend wouldnt go into his basement for a year after seeing it as kids we ranked the scariest movies of all time and this one was number four only one of those scary movies was really any good the original the hauntingi had to give this movie a seven rating for the tremendous amount of entertainment value it offers its eerie effect because of the crappy production and the weird sexual angle when the scientist looks for the bodies complete with porno sound track scares the hell out of innocent children while the ridiculous aspects make it prime material for watching talking and laughing i could watch this film tonight and enjoy it while id rather go to the dentist than watch chicago againseven is the most i can give it because its entertainment value is mere luck the film as cinema is a disaster,1
the production quality cast premise authentic new england waterbury ct locale and lush john williams score should have resulted in a star collectors item unfortunately all we got was a passable star decent flick mostly memorable for what it tried to dobring an art house style film mainstream the small town locale and story of ordinary people is a genre to itself and if well done will satisfy most grownups jane fonda was unable to hide her braininess enough to make her character believable i wondered why she wasnt doing a post doctorate at yale instead of working in a dead end factory job in waterbury robert diniros character was just a bit too contrived an illiterate nice guy loser who turns out to actually be with a little help from janes character a version of henry ford or thomas edisonthis genre has been more successfully handled by nobodys fool in the mid s and this years about schmidt i wish that the main stream studios would try more stuff for post adolescents and reserve a couple of screens at the multi cinema complexes for those effortsill give it an a for effort,1
i am rating this an because of the premise of the film the acting was fine there wasnt anyone that stood out as amazing or appalling it is disturbingly true that intelligent people are having less and less children or choose to have none at allwhereas dumb ass w in supporters are procreating like rabbits and though i dont believe the earth will actually exist in years i can see mike judges parodied prophet coming to be as life imitating art the world is being run by idiots and it will get worse as the intelligent freethinking people become the minority and the git er done fans outnumber them the proof is our farce of an electionbut i digress if you are fortunate enough to have this playing in your city go see it i have paid my plus popcorn to see far worse rubbish than this date movie or napoleon dynamite anyone there are laughs there are cringes but overall this is entertaining if you have half a brain you will think to yourself how this movie though funny is spot on accurate and a tiny bit uncanny im not surprised at all that this movie is almost completely unknown as fox was the one distributing this and they wouldnt want any of their sheep to see this and think maybe i will read a book and not watch next or cheaters or ow my balls if our society doesnt stop the dumbing down of everythingand the bastardisation of the english language ahem mr bush then this really is where we are going,1
enjoy the opening credits theyre the best thing about this secondrate but inoffensive timekiller which features passable performances from the likes of eric roberts and martin kove the main part however goes to newcomer tommy lee thomas who looks a bit diminutive for this kind of action but who nevertheless occasionally manages to project a bantyrooster kind of belligerence the first time we see him hes barechested sweaty and engaged in that favorite beefcake activity chopping wood after this he has seven more scenes without his shirt including one in which hes hanged by his wrists and zapped with electricity a la mel gibson in lethal weapon he could use a better script however since the manner in which he exposes the truth about corruption and violence inside the prison is never very convincing theres also talk about millions of dollars which apparently is tied in with this investigation but which is never explained there are a few pluses though sending john woodrow undercover as john wilson is an amusing play on a presidential name and costar jody ross nolan shows promise as an inmate who early in the proceedings is shown hanged by his wrists and getting punched by a burly guard one final note the movies low budget is painfully responsible for the lack of extras despite the impressive size of the prison it only seems to hold about inmates note the cast credits at the end arent too helpful for the record the burly baldheaded guard who uses jody nolan as a punching bag is played by bill fishback and the young fairhaired guard who administers electric shocks to tommy lee thomas is played by marc chenail,0
for once a story of hope highlighted over the tragic reality our youth face favela rising draws one into a scary unsafe and unfair world and shows through beautiful color and moving music how one man and his dedicated friends choose not to accept that world and change it through action and art an entertaining interesting emotional aesthetically beautiful film i showed this film to numerous high school students as well who all live in neighborhoods with poverty and and gun violence and they were enamored with anderson the protagonist i recommend this film to all ages over due to subtitles and some images of death from all backgrounds,1
i agree with another user here and have to say that this is one of the best kung fu movies ever i watched this as a kid and absolutely loved it the scaffolding scenes are brilliant and you can really empathise with this guy because he is treated as an outcast nice humour and fantastic kung fu this movie rocks if you like kung fu you would love this,1
i cant help but notice the negative reviews this movie has gotten to be honest i saw the preview for this movie and the premise looked intrigued me yes i rented it after reading others comments they are correct in that some of the acting leaves a lot to be desired they are also correct that one of the best performances of this movie was that of dr gravesalso interesting is scott clark who plays grant the kid in the wheelchair i identify with the character he played perhaps because i am in a wheelchairthis movie is certainly worth your looking at,1
after reading the book which had a lot of meaning for me the movie didnt give me any of the feeling which the book conveyed this makes me wonder if kaufman even liked this book for he successfully made it into something elseeither that or he is simply bad most importantly where is the lightness from the very first scene music drownes out most of the dialogue and feeling and this continues right through the movie i think the makers thought that by having upbeat music playing right through the movie this would make the story feel light however they have completely failed here instead the music manages to give everything that movie feel in a way dramatising events so that we linger on them so that everything actually feels heavyanother example of the how this adaptation fails is by embellishing the story line making it more dramatic in the movie we see franz passing tomas on the street who is on his way to see sabina the introduction of this chance meetingpassing which im sure didnt happen in the book gives tomas story more significance than it does make it lightthere are many other examples where the continuity of the story has been changed imo for the worst however this might have been done because the book simply doesnt convert well into a movie such is kunderas style this makes we wonder if all the generous reviewers on this site were writing with their book and movie experience in mind rather than writing about just the film a film which is as long as it is uncompelling for those who havent read the book yet i recommend just reading that for those who have i have to say you will just be wasting your time and probably end up here writing similar stayclear warnings,0
definitely one of the lesser of the astairerogers musicals its just very poorly plotted and paced it only runs a few minutes longer than swing time for example but it feels a heck of a lot longer this is partly due to the secondary romance between randolph scott and harriet hilliard scott is rarely ever interesting i like hilliard shes sweet and i love at least one of her songs but where are you get thee behind me satan her other number is a weak leftover from top hat thankfully cut from that masterpiece follow the fleet would actually be a bad film if not for at least three brilliant dance sequences between astaire and rogers the dancing contest vies for the top spot of any of their numbers the dance is just fantastic im putting all my eggs in one basket presents the two rehearsing a dance that they dont quite have perfected yet its imperfections make it all the more perfect and lets face the music and dance is easily one of irving berlins best songs so the film is well worth watching for its great moments,1
i say remember where and when you saw this show because i believe if fox gives talk show a chance spike will be right up there with conan in a few years because like conan he is incredibly funny and seems to be just grateful at having his own show which adds to the humorthe funniest bits spike has had so far are the idiot paparatzi and comedy for stoners and if your not high and get cfs what does that say about you in summary this show is funnier in minutes than snl in an hour so lets hope talk show gets the attention it deserves such as an extra half hour more money and a band,1
alexander nevsky is a brilliant piece of cinematic propaganda the people of russia are threatened by two major enemies the mongols and the teutonic knights of the holy roman empire in ordered to unite the warring rival princes in the russian realm nevsky takes charge and fights the lesser of two evils the teutonics this influential film was copied many times over and it still holds up to this day the soundtrack by composer prokiev and eisentsteins direction are a sight and sound to behold many years later john milius used many of the movies scenes set pieces and costumes from this film and incorporated them into conanone of my favorite lines from conan was taken from this movie its not the strength of the iron in a weapon but the strength of the person that wields it is what matters the comparisons are unmistakable the armor that james earl jones and the leader of the teutonic knights wear are virtually identical a true tribute paid from one director to anotheri give alexander nevsky one of my highest recommendations the movie plays like the final act of richard iii the presence of prince alexander on the screen is truly amazing,1
i was watching the beginning of this on a friday midday while working at computer at home relaxing a bit after a hectic week and cleaningup some files and answering some communications got interrupted a couple of times so had trouble getting all the details straight although its hardly a work of hitchcock proportions where missing a detail can through the whole story offkilter and besides it was not exactly an engrossing piece of workso during a commercial read the only prior comment here by mgconlan and pretty much can agree with its detailsnot quite in the category of a film so awful it is fascinatingly good but id like to catch on tape when run again rather than seeing it as aired so i can fast forward as needed and see the parts which i missed this first timegive it a because of the attractiveness of the four primary characters,0
some will say this movie is a guilty pleasure i loved this flick but i dont feel guilty about it you can tell the whole cast and crew had fun making this movie but jack frost wont go over well with some people right from the beginning you can tell this movie will be cheesy and it definitely has an amateurish look to it well if you get the privilege to watch this movie after watching it remember that jack frost revenge of the mutant killer snowman is a pleasure not a guilty pleasure now because i cant fill up ten lines heres some great scenes spoilers the three women on the beach had great deaths the first one had jack in a tree trying to drop icicles on one of them he kept missing so he dropped an anvil on her the next woman fell on a bed of icicles the last one was stabbed in the eyes with tongsthe other great one was where two surfers stoners are hanging out near a frozen pole one of them gets their tongue stuck on it of course jack frost pulls him back a rips his tongue off while saying cowatonguea dude well you have to see it for yourselfand of course the snowball children kicked assend spoilersinfinity stars,1
despite what a lot of other people thought about the first movie i really liked it this one however how to sum it up in one word this movie is and here comes the word crapbut lets look at it part by part here is the plot finally the old queen has been removed from her castle but her successor snow white has problems of another sort the courtjester father of her son has gone astray as the super spliss goes to the extreme to battle his gray hair and sells the royal offspring for some blond and full hair in her desperation snow white seeks the help of bubi otto walkeeswho must first find his other six dwarf companions and then try to find the royal offspring or at least try to find the name of rumpelstiltskinthe whole plot seems to have been written on a weekend where the writers were very drunk but were just under pressure from the studio to write the screenplay yes there are some good jokes even for fans of the first part or for fans of any of the other actors its really not worth buying the the dvd believe me the only thing that at least kind of saves the movie from complete oblivion are the performances of some of the actors thats why i gave the move sadly the script is so bad that none of the actors or all of them combined can make up for the bad storyfor example at one point they even cross over in our reality and sadly they dont do anything funny while being here still a lot of great actors in this movie otto waalkes ralf schmitz martin schneider nina hagen cosma shiva hagen especially funny rdiger hoffmann as the mirror helge schneider and many more but sadly all these comedians arent able to bring this really bad script to life maybe it is a treat for some hardcore fans but for regular movie goers or by now dvd renters or buyers its not worth the money i even regret renting the movie,0
carriers follows the exploits of two guys and two gals in a stolen mercedes with the words road warrior on the hood hightailing it down the highway for the beach with surfboards strapped to the top of their car brian chris pine of star trek is driving and his girlfriend bobby piper perabo of coyote uglyhas shotgun while brians younger brother danny lou taylor pucci of fanboys and his friendnot exactly girlfriendkate emily vancamp of the ring occupy the backseat this quartet of twentysomething characters are living in a nightmare apparently a viral pandemicwhich codirectors coscenarists alex pastor and david pastor tell us absolutely nothing abouthas devastated america naturally the lack of exposition shaves off at least fifteen minutes that would have slowed down this cynical melodrama about how humans degenerate in a crisis and become their own worst enemiesthis lethal virus gives you the shingles and then you bleed and die most everybody runs around wearing those white masks strapped to their nose and mouth by a thin rubber band initially this foursome encounters a desperate father frank christopher meloni of runaway brideand his cute little daughter jodie kiernan shipka of land of the lost blocking the highway with their suv brian swerves around frank when he tries to waylay them but in the process the oil pan in their mercedes ruptures and they wind up on foot reluctantly they hitch a ride with frank after they seal jodie up in the rear of the suv she wears a mask over her nose and mouth and it is speckled with blood frank has heard that doctors are curing ailing people at a hospital and they head to it sadly somebody has lied to frank the hospital physician is giving the last couple of kids some koolaid that will put them out of their misery the cure did not improve their condition everybody else in town is dead kate tries without success to get a dial tone on every phone frank realizes that there is no hope for his daughter and he lets the heroic quartet appropriate his suv and take offindeed carriers qualifies as a relentlessly depressing movie about the effects of a pandemic on four sympathetic people who degenerate into homicidal murderers to protect themselves they reach a country club and frolic around on a golf course until another four show up in suits and masks with pumpaction shotguns incredibly our protagonists manage to escape without getting shot but brian has a scare when he almost falls into the water with a floating corpse eventually they discover that one of them has become infected later as they are about to run out of gas brian blocks the highway like frank did at the outset danny tries to stop a pair of older christian women driving the car danny lies that his pregnant wife is about to give birth and he needs their help brian throws caution to the wind and blasts away at the ladies with his automatic pistol when they refuse to help them brian catches a slug in the leg from the passenger but he kills her nocarriers is not a beer pizza movie that you can either laugh off or laugh with because the humor is virtually nonexistent by the end of this minute movie our heroes have turned into villains who only care only for themselves and their plight chris pine makes quite an impression as funloving brian and his energetic performance is the only reason to hang with this hokum while the only other wellknown actress piper perabo is relegated to an inconsequential girlfriend role as bobby she makes tragic the mistake of showing compassion to a dying little girl and pays an awful price it is a testament to pines performance that he can change his character to the point of putting himself before others essentially pine has the only role that gives him the ability to pull a oneeighty from happygolucky guy to heartless guy the two directors are spanish brothers and they never let the momentum flag since there is no relief in sight carriers sinks into predictability irrversible cinematographer benot debie does a fantastic job with his widescreen lensing and as unsavory as this road trip becomes debie makes it look like a dynamic film aside from the lack of a happy ending or closure in any sense of the word carriers suffers because it is so horribly cynical the scene when the german shepherd attacks danny conjures up the most suspense but even it could have been improved unfortunately the pastor brothers do not scare up either much tension or suspense by fadeout you really dont care what happens to anybody,0
while possibly the stupidest most tasteless and violent slapstick comedy ever made guest house is also a very funny one dont listen to the critics they have no sense of humour while the climax runs out of steam but not vomit its still a funny party movie seven candles in the eye out of ten,1
a real classic ten out of ten every actor is perfect the screenplay is a haunting succession of suspenseful scenes scenes in car and scenes in the mountains are breathtaking wonder if this film is already out in dvd because it must be seen in widescreen version saw this film in the late fifties maybe three or four times and never since then forgot iti remember it was one of the first warner like cinemas cope features process called warnerscope which gave a very neat cinematography shelley winters and jack palance deserved an oscar for their performancesthe only thing i could criticize is not having been directed by someone like say nicholas ray to increase its rhythm and tension,1
the ali g character works brilliantly within the confines of a comedy show but as a movie it doesnt work in the same waydont get me wrong this is a very funny movie full of biting witty dialogue that caricatures the modern british chav wonderfully well whilst providing the viewer with a hilarious if unrealistic storyone problem with this film is that the script and content is either fantastically brilliant or its embarrassing to watch when i say embarrassing i dont mean funny embarrassing a la office or extras but rather youll wish they hadnt included it in the final cut one example of this is the inclusion of a music video after the film has ended to the tune of this is how we do it whenever i watch the film i stop the dvd when it says the end and leave it at thatoverall ali g indahouse is a good film worth watching a couple of times the script is enjoyable to an extent and there are no issues as far as acting goes however refinement is the key word hereali g is a better television programme borat is a better film,1
another son of sam is definitely not an oscar winner technically its horrible the acting is not too good either but there is something about it that makes you want to watch more sort of like a car wreck the ridiculous closeups of the killers eyes are more funny than anything if you are looking for a scarethis aint the flick for you its very obscure and nearly impossible to find im sure theres a reason for that for a while it was titled hostage it dont matter what you call it its still a poor choice for entertainment it might be good for a mst party or something can you believe they would use such a title as another son of sam if that dont have exploitation written all over it ill eat my hat i remember when this was shot in belmont nc a lot of local personalities were used as talent,0
a matter of life and death what can you really say that would properly do justice to the genius and beauty of this film powell and pressburgers visual imagination knows no bounds every frame is filled with fantastically bold compositions the switches between the bold colours of the real world to the stark black and white of heaven is ingenious showing us visually just how much more vibrant life is the final court scene is also fantastic as the judge and jury descend the stairway to heaven to hold court over peter david nivens operation all of the performances are spot on roger livesey being a standout and the romantic energy of the film is beautiful never has there been a more romantic film than this if there has i havent seen it a matter of life and death is all about the power of love and just how important life is and jack cardiffs cinematography is reason enough to watch the film alone the way he lights kim hunters face makes her all the more beautiful what a genius he can make a simple things such as a game of table tennis look exciting and the sound design is also impeccable the way the sound mutes at vital points was a decision way ahead of its timethis is a true classic that can restore anyones faith in cinema under appreciated on its initial release and by todays audiences but one of my all time favourites which is why i give this film a in a word beautiful,1
i dont doubt that victor mclaglen won his best actor oscar for this film by dint of a three way split among the mutiny on the bounty leads of clark gable charles laughton and franchot tone who were all in the same race but the informer is still a fine film because john ford wouldnt have gotten his first best director oscar if it wasnt no split involved in his awardthe movie and the story by liam oflaherty that it is based on involves a poor simpleton of a man named gypo nolan who was once a member of the irish republican army he was cashiered out of it for some imbecilic stunt he pulled and wants back in hes down to his last pence and if he cant get back in wants enough for passage to america theres a twenty pound reward for information leading to the arrest of a former comrade named frankie mcphillip played by wallace ford in a moment of weakness he goes to the black and tan constabulary and informs on mcphillipthe ira is pretty anxious to find out who ratted mcphillip out and theyre pretty certain it was mclaglen he hasnt the wit to really cover his own tracks he does make a feeble effort to implicate another man named peter mulligan played by donald meek he also picks up a hangeron played by jm kerriganthe whole action of the informer takes place in in dublin from about six in the evening to early the following morning of a necessity it is shot in darkness and shadows making it possibly the first noir thriller had it been done post world war ii the informer would have ranked as a great noir classic like odd man out or the the third man which it bares a lot of resemblance tojohn ford knew this world very well he took some time off during the rebellion and was in ireland at the time and had a brother who was in the ira his real name before having it anglicized was sean ofiernanpreston foster plays the ira commandant dan gallagher in the book gallagher is a harder and meaner man than foster has him here my guess is that john ford wanted him as a sympathetic character to give movie fans some rooting interest he makes it clear that foster has to eliminate the informer because the black and tans will grab him and get quite a bit more out of him and put the whole organization in perilthe ira trial scene is the highlight of the film when foster asks donald meek whether he recognizes the authority of their court meek aint in a position to say no the kings justice and writ does not run here it graphically illustrates at that point despite occupation by army troops and constabulary the british are indeed losing their grip on the populationof course the informer a rather grim story has its john ford touches but rather fewer than you would expect even as mclaglen is spending his money on a drunken spree the ira is constantly in the shadows watching him and counting every farthingthe informer is a tale well told about ireland in a grim and dismal time,1
after the success of part another sequel was a natural move however they should have stopped it before it began alice having survived part finds herself pregnant and it seems freddy is using her unborn child to get at his victims which of course are alices friends strange nightmare movie very heavy on religious imagery and bad acting the special effects are good but the movie itself is not,0
from the epicenter of the cultural globe four working class teenagers attempted to change the world through music and fashion it was the final attempt to do so last century and they failed before the dust had cleared band manager and sex shop proprietor malcolm mclaren spent the money the sex pistols had earned to make a mockumentary about his own role in their success the film was called the great rock n roll swindle take the hint and consists of very little footage of the sex pistols actually playing music and quite a lot of footage of mclaren effectively calling the audience idiotscodsurrealist nonsense in which guitarist steve jones is a detective on mclarens tail soon dissolves so he and drummer paul cook can jet off to rio and spend time with great train robber ronnie biggs ready yourself for the spectacle of three very unappealing men dancing naked to a hideous ironyfree version of belsen was a gas a song about killing jews for gold in bergenbelsen concentration camp and another song sung in ronnies tone deaf whine which includes the lyrics god save myra hindley god save ian brady lyrics that johnny rotten would have considered distasteful the sid vicious scenes are few and idiotic jumping out of bed in a thong with a swastika over the testicles to sing some bad boy biker song from the s playing into to the punks a joke theme of the movie in an attempt to turn sid into james dean im surprised mclaren doesnt take credit for siddys death too the redeeming scenes are those of sid in paris and the infamous performance of my way the punk rock zeitgeist right there mocking an adoring audience before shooting them all no need for an entire film just watch that clip on youtubefrom julien temples far superior and more enjoyable documentary followup the filth and the fury we were given a more balancedhonest view of what transpired in but there were also a number of scenes that i would have liked to have seen in swindle as fury was basically a reediting of the same material one was an animated sid complete with sids voice acting you fcken betta watch out alright or ill slice you open a still of which appeared on the cover of the something else inch a snippet was shown in fury but i dont know what context that originally appeared was it in original prints but removed after sids death was there more fury also shed light on the film who killed bambi which would have been the mock hard days night movie mclaren was originally intending to make it starred sting as a member of a gay new romantics group and looked a damn sight more entertaining than swindlesod swindle tis a swindle if you must rent the filth and the fury and revel in musics failure as a world changing polemic,0
hello dave burning paradise is a film for anyone who likes jackie chan and indiana jones the films main protagonist is most definitely the bastard son of these two strange fathers as for the other characters well they are familiar transformations of similar action film stereotypes where this film is original is in the blending of the traditional hong kong movie style with the hollywood action adventure sadly this has not been true of the films he has made in hollywood,1
the makers of this film have created a future where not only is abortion and birth control illegal in every statebut women are prosecuted for murder and sent away to serve long prison sentencesin other wordsthis film is every liberals worst nightmarethe political agenda is so heavyhanded here and the style of the film is so lowkey that it just loses steam pretty quicklyregardless of which side of the fence youre onid recommend skipping it,0
let me say first of all that i spent a total of about two minutes of my life on a skateboard before i realized i was totally uncoordinated ive always thought it was cool watching cats that know how to get extreme on em do their stuff but ive never been a skateboarder and have never really followed the sport that being said i thought this was a very informative and interesting documentary some reviewers have said that these dudes were sort of waving their own flag a bit but what the hell it looks to me that these guys probably deserve as much credit as anyone for giving the skateboarding world a jolt and theyve provided some good footage of their innovations to back it up its great the way viewers are allowed to see these guys both then and now and the footage they shot while they were teens growing up in california provides some interesting nostalgia that goes a bit beyond the sport of skating i never would have realized where extreme skating came from but this films sort of ties all the pieces together and gives us an informative documentary im sure its at least a tad biased but arent all documentaries worth watching for anyone interested in the sport or as in my case anyone who grew up in the s,1
i had pleasure to watch the short film the cure by first time director ryan jafri what really impress me are the camera work and musici think many young filmmakers as i myself am one of them would experience hard time with cinematography when just start making of an indie we see the output are not exactly what we imaged or below our ambitions but this film directorial debut from a young director handled very well on screen the camera motion color lighting compositing all contribute to the story and emotion of the filmand music as a key element of film language helps a great deal tooits hard to portray a womans heart her desire her fear especially in a short but still i have to admit i am not a fan of vo narration especially when the film is advanced by narration instead of shots and cuts my personal feeling to some of the narrative part is my guess was the narrator tried a bit too hard so the energy pushes audience back from the emotion of the filmoverall its a short film nicely done i could see the input from a director way to go ryan greeting from china looking forward to your nexttim,1
this film was so amateurish i could hardly believe what i was seeing it is shot on video not film i have not seen the likes of this since the early s when late night networks showed movie of the week horror flicks shot invideo it looks like a bad soap opera and that is paying it a compliment some of the actors give it their best shot michael des barres does okay with what he is given to do which is to act like a sex addict out of control i cant say that it is pleasant to watchnastassja kinski as the therapist sits in a chair for practically the entire film with very little variation in camera angles i cant fault her for someone elses poor blocking but she is totally unbelievable in her role her little girl voice works against her here and i consider myself a nastassja kinski fan she is certainly ageless and exotic but shes outside her range with thisalexandra paul is pathetically overwrought every line she delivers is with three exclamation points someone must have directed her to scream at all costs why would michael des barres want to have sex with such a raging shrewfinally rosanna arquette as the sweet maligned wife comes off okay and probably the most believable of the bunch but that is not saying muchthis has to be the worst film i have seen in years,0
this tvm seems to have polarised opinions amongst the commentators on this page so perhaps i can settle everything by saying this is a very stupid not very well made television movie how bad is it its a teleplay that cant even decide what its name is because while everyone in america calls it linda its known in britain as lust for murder and its usually a bad sign when a movie has to change its name and can i also point out that its not a tongue in cheek spoof as somebody else claimed i will be honest and say the plot is rather sound linda and paul cowley meet another couple called the jeffries who they get on very well with they get on so well that they go on holiday together make up your own mind if theres some wife swapping going on and paul sees his wife kill the jeffries after that the plot takes a shock twist writing the above paragraph i have suddenly realised the large amount of potential the story had and i wont say anything to put you off the premise its just that when the story continues after the events ive described things become more and more unlikely and bizarre not only that but the production values are fairly unimpressive with the actor playing paul cowley doing a very wooden voice over that irritates while most of the scenes exterior and interior look like theyve been filmed on a foggy day,0
cry freedom is an excellent primer for those wanting an overview of apartheids cruelty in just a couple of hours famed director richard attenborough gandhi is certainly no stranger to the genre and the collaboration of the reallife mr and mrs woods the main white characters in their book and in this film lends further authenticity to cry freedom the video now in release actually runs a little over and a half hours since minutes of extra footage was inserted to make it a two part tv miniseries after the films initial theatrical release while the added length serves to heighten the films forgivable flaws uneven character development and blanket stereotyping in particular another possible flaw the insistence on the white characters fate over that of the african ones may work out as a strength viewing crying freedom as a politically and historically educational film as i think it should over its artistic merits the story is one which black africans know only too well though the younger generation may now need to see it on film for full impact it is the whites who have always been the films and the books target audience hopefully driving them to change now twelve years after the movies production cry freedom is in many ways a more interesting film to watch almost ten years after black majority rule has been at least theorically in place s cry freedoms ideals remain by and large unrealized it therefore remains as imperative as ever for white south africans particularly the younger ones who have only heard of these actions to see it and absorb the films messages in total contrast to american slavery and the jewish holocausts exposure south africans struggles have been told by a mere two or three stories cry freedom cry the beloved country ok count it twice if you include the remake and sarafina did i miss one all three dramas also clumsily feature american and british actors in both the white and black roles not one south african actor has played a major role white coloured indian or black and yes i did miss another international south african drama mandela and deklerk though this also highly recommended biopic was released after black majority rule was instituted mandela was played by a black american sidney poitier who also starred in the original sathemed cry the beloved country while the afrikaner deklerk was played by a bald very british michael caine a good performance if you can dismiss that the very essence of afrikanerdom is vehement antibritish feelings until local sabc tv and african films start dealing with their own legacy cry freedom is about as authentic as youll get as villified as the whites particularly the afrikaners are portrayed in the film any observant noncasual visitor to south africa even now in not to mention when cry freedom takes place will generally find whites attitudes towards blacks restrained even understated looking at cry freedom in hindsight it is amazing that reconciliation can take place at all and it is but cry freedom at time shows not much has really changed in many peoples minds yet and that the black africans goal to freedom and reconciliation is still ongoing this is why if youre a novice to the situation cry freedom is your best introduction,1
i went to see hamlet because i was in between jobs i figured hours would be great ive been a fan of branagh dead again henry v i was completely overwhelmed by the direction acting cinematography that this film captured like other reviews the hours passes swiftly branagh doesnt play hamlet he is hamlet he was born for this when i watch this film im constantly trying to find faults ive looked at the goofs and havent noticed them how he was able to move the camera in and out of the hall with all the mirrors is a mystery to me this movie was shot in mil its a shame that columbia hasnt released a widescreen version of this on vhs i own a dvd player and id take this over titanic any day so columbia if youre listening put this film out the way it should be watched and i dont know what happened at the oscars this should have swept best picture best actor best direction best cinematography what films were they watching i felt sorry for branagh at the oscars when he did a tribute to shakespeare on the screen they should have been giving a tribute to branagh for bringing us one of the greatest films of all time,1
this is absolutely the best s cartoon ever maybe the best cartoon of all time it had everything action adventure thrill and much morei cant imagine how hard it was for rubyspears company to make this great cartoon there has been spent a lot of money for this masterpiece of work and it was worth it for example just the beaming down scenes were hard because i wouldnt call the s for a great technology year with computers like now in the world we live in so the beaming down scenes were excellentthe cartoons will never be the same as they were before that is why i hope that they all will be released on dvd specially the centurions as its my favorite i have the whole complete set of episodes on dvdr but its not the same because if they were released on dvd the people in the world would be able to buy it and see the dvds in almost every store which means a lot to the fans my good friend ted made this petition to either get the show back on tv or better on dvd that is if we get many requests to get them back on dvdso please help us by signing the petition at,1
seemed to be a great year for satires duck soup for instance and this one fits in well even though it is about the obsession with contract bridge the tone is like a humorous piece from the new yorker appropriate since the film begins with the goings on about town page of that magazine the only thing odd is the casting made a few years later william powell and myrna loy would have been perfect however after you wouldnt have had adultery handled in such a sophisticated fashion the young and beautiful loretta young in some shear and slinky outfits or a group of prostitutes listening to a bridge contest on radio even if you know nothing about bridge you may still want to check out a rare example of hollywood satire,1
wasnt sure what to expect from this movie considering its amazing collection of stars and directors but in the end it didnt disappointfor me one of the highlights was the final episode with the american tourist speaking with a dreadful french accent which made me feel better about mine which was actually quite touching and a great way to wrap up the moviethe story of the paramedic and the stabbing victim was also very moving and for pure comedy the coen brothers and steve buscemi take the award the tom tykwer clip was also impressive although rather ambitious in its scopehowever the bob hoskins segment was totally cringeworthy and the vampire story was completely farcical the dialogue in wes cravens section also felt very forced and the chinatown story was completely incomprehensibleon the whole this film is worth watching for the good bits and has a strong finish its not too painful to sit through the bad sections they only last minutes anywayca vaut la peine,1
ive never seen the original movie others have commented on so my perspective is just about this movie without comparisoni found the message of the movie to be if you only worry about yourself all will be right with the world everything will fall into place your lovers will love you more your friends will respect and like you more your employers will want you more pay you more and even your own children and parents will love you morei find this message to be reprehensible and totally falsekudos for the very funny birthing scene at the end there isnt a mother out there who wont laugh during that sceneoverall a very disappointing movie plot i didnt find myself rooting for anyone in this movie i thought they were all pathetic self absorbed individuals that i just didnt care what happened to them and thats not a movie people want to see,0
bread very sharply skewers the conventions of horror movies in general and night of the living dead in specific and is constantly inventive the production values are a little rough at times its a student film after all but it never loses sight of its goal to entertain hey george romero liked it enough to include it on the remastered dead video tape laserdisc and dvd that should tell you something,1
i am a sucker for films like this films that take you back and let you relive your childhood im a grown up now and have many grown up responsibilities like a mortgage kids dogs a wife and a slew of others i enjoy my life but it is not as innocent and carefree like it was when i was twelve mike binders indian summer knows this and explores this like he was twelve years old it brings you back to a time when life was simpler and much more fun it brings you back to a time when worrying about your first kiss and wondering if you could finish the camp marathon were important issues indian summer is a fantastic film and it is one that should be watched at least once a year just so you can sit back and laughand reminiscethe film stars kevin pollak bill paxton diane lane and matt craven to name a few as childhood friends that are being summoned back to camp tamakwa by their former head camp counsellor uncle lou uncle lou is played perfectly by alan arkin he is kind of guy who is the patriarch of the group he is also all knowing and encompasses the true spirit of a father figure and someone who understands the simple things in life he has a hard time relating to todays kids that need a walkman blaring in their ears when they are at a place of immense beauty like tamakwa this is a camp that has moose wandering through the camp leaves turning colours that god gave them and water for as far as the eye can see uncle lou yearns for the days of old and asks his former campers back to the camp to see one of them will take over the camp while they are all together again we get to see their trials and tribulations and perhaps a new love could spring between themas the adults return to the camp it isnt long before they act like kids again as the typical camp pranks get played all over again they take toilet paper out of the stalls the put toothpaste on sleeping bags and so on all of this is done hilariously and with actors like pollak and paxton it is all very funny stuffbut beyond the hilarity we get to explore some very real adult emotion that anyone can relate to in one of my favourite scenes kevin pollak and elizabeth perkins are overlooking a bay where they used to go canoing as kids pollak cant get over how small it all looks and perkins finally tells him that the bay didnt get smaller they just got bigger it doesnt hammer the point home but it does it subtly we all grow up we all move on and we all unfortunately cant live like we did years ago the more things change the more they stay the sameindian summer is a character driven film and it is written beautifully by mike binder who actually did attend camp camp tamakwa as did sam raimi who played stick in the film and it is his fond and vivid memories of his experiences that fuel the film there are many touching scenes and there are many hilarious ones also both are perfecti love this film i love everything about it and it is a true hidden gem,1
this movie is a quite fair adaptation of the prosper merimes novel in the novel merime himself is a character don jos is from navarra north spain and historically a basque country zone they can speak basque language they are in seville andalusia south spain and they only speak spanish with andalusian accent in no way they speak basque but carmen explains to don jos that she was living in navarra you can believe it or not anyway this is the books version then you cant be critical with the movie about this be with the book you have to note are different the novel by merime and the opera by bizet and this movie is an adaptation from the novel anyway in the opera don jos is still spanish from navarra never hes french why so many people keep thinking don jos is french i dont know but i guess because the novel and the opera are in french although is supposed to be in spanishthe only important difference between the movie and the novel is that in the movie don jos also kills the torero lover of carmen and in the novel he doesnt neither in the opera i guess they wanted to keep the movie a little more gore i think the movie is quite good anyway,1
it plays like your usual teenageaudience ta movie but the sentiment is incredibly bleak if it was made today itd be considered an art house movie it goes through the usual routine of a guy trying to get laid but the results of his efforts are harsh and cruel and unsatisfyingthe whole teen flick formula is adhered to but nothing turns out the way youd expect imagine a directors cut of its a wonderful life where at the end james stewart wasnt allowed to return to the real world an incredible film that subverts all of the expectations of the genre it makes you feel dirty afterwards there is no redemption for the characters im amazed it ever got made the eighties version of detective story,1
hilarious show with so many great stories that it reflects the world today as we know it in such a funny way it literally stole my laughters for other shows i laughed so hard that i just found any other comedy shows unfunny the unique confessions of each characters is a great original technique that just makes the show funny and very humorous you may think that this is an average comedy show about hard life with a family thats what i thought at first but i found out that it holds new and unique techniques that completely sets it apart from any other average comedy show michael rapaport is a star i sure wish that this show wasnt canceled,1
reba sucks it sucks hard its about this awful country singer attempting comedy they might as well call this show generic because thats what it is its dumb and generic reba youre not funny and im glad your retarded show was cancelled because you suck and so does brock barbra jean the redheaded teenager that jockey guy and the year old who got knocked up you all suck and none of you are funny oh and i heard a rumor that reba is actually a gay devilworshipper who idolizes hitler and tortures animals and she puts subliminal messages on her show and in her music in hopes to make children kill their parents and kill themselves but it was just a rumor anyway this is the worst show ever reba is gay i do not like her i think the office is better than this show and this show sucks,0
this feels like a featurelenght treatment of a comedyroutine that could have also been told in a tenminute short also technical credits are suppar the film really feels like a film school diploma projectthe cast is a mix of seasoned stage pros and talented newcomers but the problems is the superficial scrip their lines feel constructed exactly like cued tv show materialthe director fails to take his protagonists seriously therefore we are not touched by their problems and conflictsthe film has been cleverly marketed and offers a unique selling point but in the end the film disappoints on all levels,0
following which the touted update goes and shoots itself through the head rather apt considering the sorry state of this movie a sequel to a film which patently didnt need onewhat really irritates about robocop is that the makers obviously didnt understand why the original was so good in the first place robocop was a witty vibrant satire of bad action movies robocop is just a bad action moviethin on dialogue particularly towards the tedious shootout finale it attracts little interest and possesses none of the energy or spirit of the original the spoof ads now a little tasteless warning continued use will cause skin cancer seem merely there as an afterthought and calling a new designer drug nuke is nowhere near as subtle or as funny as the originals family board game nuke emthe stopmotion animation the weakest element of the original is used more extensively while this humourless sequel fails to include a credits sequence which makes it look even more cheap and hurried ah humourless you might say but what about the funny mayor or the way robo is reprogrammed to spout platitudes yes these are attempts at light relief as is robo tightening himself up with a screwdriver were only human for the films punchline but none are likely to induce laughter like the rest of the film theyre staid and moronic attempts at entertainmentthe third and final film in the series imaginatively titled robocop saw peter weller leave to be replaced by robert john burke who does well in a undemanding role with toneddown language and violence it was an obvious plea to the kiddie market a robo action figure much plugged throughout with its social conscience too overstated and robocops newfound arm attachments and jetpack getting too silly the final film was never destined to be a masterpiece yet fluid direction by fred dekker and a flowing pace make this one enjoyably throwaway viewingrobocop then is the film proper robocop is the sequel which you could watch if there was nothing better on which leaves the second movie hanging in the middle an unwatchable dirge of a picture a franchise vehicle that has nothing to say save for the pound signs that rung up irvin kershner is no paul verhoven just as comic artist frank miller and partner walon green arent the writers that edward neumeier and michael miner were a tragic waste of a good if limited concept,0
i rented this by mistake i thought after a cursory examination of the box that this was a timetravelscifi story instead its a christian story and i suppose is fairly typical example if you are sold on the message you probably will overlook the awkwardness of the plotactingetc but i found it rather painful i have to admit that im bothered by the rewriting of history in this story it paints the s as some sort of paradise of family values and morality a character is aghast that of marriages end in divorce but it overlooks very unsavory sides of this highly moral society rigid racial sexual and social discrimination were widespread for instance and at one point the hero complains to a clothing store owner about things that sound not all that different than the complaints of some iranian leaders about womens clothing styles as reported in a recent wsjoverall thought i suppose that its the sort of thing youll like if you like this sort of thing and its certainly wholesome,0
no more corned beef and cabbage for herthis little romantic comedy clips along from scene to scene with a few exotic twists some imaginary scenes and a costume party all of this is centered around the wife of the husbands who is looking to break out of the doldrums played by gloria swanson she is twenty here both the leading men have a natural air that is convincing and of course swanson is perfect in all kinds of moods from frivolous to worried to hopeful behind all the games and apparent lightheartedness is that old serious problem of staying in love and not straying in love theres a little corniness but director demille is on top of keeping it snappy and believable in all as with many films from this period the subtitles do not just tell what they are saying or thinking but often give a kind of philosophical insight as if to justify the tragedy or raciness and there is that higher purpose here probably better without the instructional text but its part of the narrative style and its kind of quaint if you are looking for visual or formal amazement you wont find it here but as a story well acted and filmed with precision and economy its really a great example the events might not come as a total surprise but its such a modern love story set almost a hundred years ago its a gas and did i saw swanson was perfect,1
this very low budget comedy caper movie succeeds only in being low budget dialog is dumbfoundingly stupid chase scenes are uniformly boring and most of the onscreen money seems to have been saved for a series of crashes and explosions in a parking lot during the films last five minutes a briefly glimpsed portapotty early in that scene is certain to wrecked and spew crap on the films chief villainno prop is here without a purpose the whole film is depressingly reminiscent of those that occasionally came out of rodger cormans studio when hed give a first time director a few bucks and a camerabut without the discipline corman would impose,0
hammerhead is a combination between the mad scientist and killer shark movie genres in a bit of typecasting jeffrey combs plays the aforementioned mad scientist who develops a humanhammerhead shark creature bizarrely this being is in fact his son who he has turned into this monster to prevent him dying from cancer or somethinga group of associates are invited to the scientists private island they end up being used as shark bait or shark mate for some unknown reason the head of it has been brought along as part of this team who knows why luckily he turns out to be a resourceful if somewhat overweight ramboesque hero im working on the assumption that he learnt how to handle an assault rifle as part of his day job working in st line support a normal day for this it man presumably involves fixing someones network connection followed by a call to gun down guntoting evildoers or perhaps a call to fix someones pc has to be scheduled between physical confrontations with landbased humanshark hybrids anyway hes amazing and saves the day he even gets the girlthe sharkman is a slightly lame creation but ok i guess judging by the effects in general in this film and the movie moves on at a decent pace its complete hokum of course but if you buy a movie called hammerhead and expect it to be a complex drama about the emotional conflicts experienced by a man turned into a landbased killer fish then really you have no one to blame but yourself as it is there are guns gore girls and possibly even an exploding helicopter its rubbish but not as bad as some might say,0
ronald colman plays a famous broadway actor who has begun to lose his mind and sense of identity after years of playing a wide range of parts he cant remember who he exactly iswho are his roles and who is the self and much more serious he begins to see and hear his play even in regular everyday life so since hes currently playing in othello he begins to act jealous and suspiciousjust like the title character ultimately it leads him to the depths of insanity and murderi saw this film years ago and liked it i just saw it again and loved it now perhaps some of my enthusiasm is because i have always liked ronald colman and this is a great triumph for himand for which he earned the best actor oscar and looking at the competition that year gregory peck for gentlemans agreement john garfield for body and soul william powell for life with father and michael redgrave for mourning becomes electra i think colman was a very good choice as he stretched from his usual comfort zone and did a much more demanding rolenow i noticed that one reviewer hated this film because they hated shakespeareand this took up about half their review talking about their dislike for him however this film isnt really about shakespeare and it doesnt matter at all if you dislike shakespeare i am no huge fan of shakespeare but marveled at the small portions of the play that colman reenactedthough as i said this is not a really movie about shakespeare instead its a wonderful portrait of an actor losing his mind and mixing his stage role with reality it could have been any play though othello was an excellent choice because of the murder scenewhich gets acted out for real later in the filmoverall a very clever film due to a lovely scriptwith some overtones of film noir fortunately the acting was terrific also as colman had excellent support from signe hasso shelly winters and edmond obrien who was particularly goodhe played his part just right and considering the great george cukor was directing its no wonder its a wonderful film from start to finish,1
well when watching this film late one night i was simple amazed by its greatness fantastic script great acting costumes and special effects and the plot twists wow in fact if you can see the ending coming you should become a writer yourselfgreat i would recommend this film to anyone especially if i dont like them muchterrific,1
barney and friendsthe dora the explorer of the sok ill admit it as a kid barney was my ultimate hero i had my barney plush toy and i used to watch the same barney episodes over and over on videotape maybe cause it was so sugar coated and mindnumbinghowever by the time i turned i started to hate barney everyone at school would dis barney and i went along with it mainly because it was funny and its what little boys do but a few years later i discovered something else about barney that i will never forgeta person known on the imdb as angelmeiru did an essay for school explaining the dangers of watching barney and he or she posted it in the message boards a lot of those dangers made sensebarney is a dinosaur who can magically come to life during a day at school he is supposedly educational or so sheryl leach barneys creator says but really all i can remember him teaching me is that magic can solve anything which is not trueto end off this comment id like to tell you a little story there was once a young boy who watched a particular episode of barney one day he was alone when a stranger lured him into his car and drove away with him i dont know the outcome but its safe to assume the child died but why was he abducted in the first place because he watched the barney and friends episode titled a stranger is a friend you havent met yet,0
the big trail released viewed births richard harris harold pinter robert atkinsdoug in hollywood raoul walsh unveiled his latest film the big trail a western about the trek west across the frontier starring upandcoming yearold actor john wayne in we are seeing many firsts but few bests besides the first john wayne film we have here the first widescreen film although we only watched the fullframe version interestingly the decision to film in widescreen was essentially the same reason that widescreen became popular later to compete with television which hadnt yet appeared commercially but was still an emerging curiosity all the same this film was extremely good giving us a harrowing look at the trek to oklahoma the opening title cards let us know that this is a western of the most traditional kind about america about the land who should live on it etc and is an excellent demonstration of that walsh gives us some astonishing visuals of the wagon company out in the wilderness when they reach a cliff they must rope each wagon down one by one and we also get a revenge subplot involving wayne pursuing the man who killed one of his friends i seem to recall something similar in stagecoach waynes tough cowboy routine is at least partly there and would surely evolve further in subsequent films since this film is representing all of waynes early s work for the odyssey we will not see his face again until stagecoach but once we do we will keep seeing him to the end of the odyssey and beyondkevin ah our first sound western and john waynes first starring role its raoul walshs the big trail this review will be short since its been weeks since i watched it i enjoyed this movie but it was far from a masterpiece the mostly predictable adventure had a few surprises like when the brains of the bad guys red flack tyrone power sr in his last role is killed half way through i thought he would be the boss at the end but that ended up being bill thorpe ian keith i remember that i didnt like the way breck wayne kills thorpe and exacts revenge at the end i understood that thats what he was meant to do in the story but i really didnt like his reasoning when he tells ruth why he has to do it i think he had a far greater responsibility to the hundreds of settlers he was leading through the harsh westlast film viewed animal crackers last film chronologically soup to nuts next film lage dor,1
one of the most common entries in the goofs category is anachronism though im beginning to believe that anachronism and other goofs are more acceptable even ignored in very good films but are found front and center in rotten films kiss them for me is a rotten film and reeks of anachronism yet when watching it closely i found almost nothing specifically anachronisticthe shots of aircraft which bookend the film are certainly out of place the big engine transport seen after the title honolulu appears to be the post war c stratofreighter in mats colors the combat planes seen taking off from the carrier at the end are douglas skyraiders which entered service after ww and were made famous by their service in vietnambut excepting these two pieces of film and of course the hairstyles everything else is very possibly period authentic it just feels so wrong im an admirer of stanley donen we share the same birthday in his co directed on the town there is a car chase at the end with the police driving fords yet there isnt the slightest feeling that this is out of place in a ww period film in fact as i reflected later there isnt anything which says that this is supposed to be a ww period film it just feels that way based on a wartime broadway musical which was based on a ballet fancy free which may have been based on the work of artist paul cadmus the fleets in its a great film about sailors on a hour pass in new york and so heavy with wartime associations its merely assumed it takes place during the war and yet these contemporary cars do nothing to break the spellthe first problem is old cary grant though far too old to represent a navy sbd dive bomber pilot it is a hollywood tradition for stars like grant gary cooper lou gehrig jimmy stewart charles lindbergh to play younger it was the role which he is miscast in not his age he plays an operator as they used to call them a guy who gets things done and breaks all the rules while doing it yet remains admired and loved for it a hustler a wheeler dealer a de rigueur character in a service comedy grant is the comic center of what is after all supposed to be a service comedy which is contra to his comedy stylethinking back on the great grant comic performances like bringing up baby or arsenic and old lace and he is the great reactor whose comedy is to be reduced by his context from dignity to a befuddled puddle of inert jelly in kiss them he is expected to be the comic spark plug which just isnt him people had already been exposed to the type most recently to comic phil silvers as sgt bilko on television the role would be perfected later by james garner but here grant just isnt funny and appears to be a bully getting his way by aggressively pushing his cary grantness rather than cajoling and finessingbut the thing which really stinks the place up with anachronism is the lead women there can be no more echt s women than suzy parker and jayne mansfield they are unique to the decade marilyn monroe can be placed in a continuum with carole lombard and marie wilson and any number of dumb blonds and grace kelly was another high class dame think of mary astor but there never could have been an anatomically exaggerated woman in films like mansfield sure there were the sweater girls eg lana turner of ww but mansfield was stretching the point suzy parker was the model who revolutionized the model business who changed the mannequin like poses to become the first natural girl who moved and whose personality was captured by the camera see funny face also by stanley donenof course in high s style there seems to be a lot of gender mixing at wild parties but never even a hint of sex think of the s tv shows bachelor father or the bob cummings show where dinner jacketed men returned from dates alone the original book which i havent read was published during the war and appeared as a play on broadway at the end of the war and the nuances of the situation must have been inescapable for contemporary readers and audiences but broken down bowdlerized and reconstituted a dozen years later and fatally miscast it remains a once forgotten stain on otherwise exemplary careers until the invention of the vcr and cable television resurrected this petrified turkeyso the lesson here is whatever the goof it will be ignored in a great film like citizen kane who actually hears charles foster kane say rosebud and tolerated in fun dreck like westworld why were the robots given live ammunition in the first place but absolutely despised in a rotten film even if the goofs are really non existent,0
i loved this movie im shocked and disappointed that it never made it to the theaters every story was better than the lastmuch better than the much hyped scream series and i know what you did last summerand way better than the terrible urban legend id recommend this film to every horror fan,1
in the unlikely case that some aspiring directors are reading these comments id like to offer some advice free of charge from a viewers perspective if you want to make a serious exotic adventure film do it if you want to make a spoof of exotic adventure films go ahead do not try to make both at the same time it doesnt work for example having a goofy comic relief character killed and beheaded and following it up with a monkey shaking a tree and dropping a coconut on a cannibals head just makes you look like you had no idea what kind of movie you wanted to make this one is boring meandering cheap racistyou get the picture a couple of smart moments and a few glimpses of nudity from kathy shower way too prissy here are hardly worth your trouble there is a reason everyone has forgotten about this films existence,0
return to cabin by the lake just was lacking it must have had a very low budget because a fair amount of the movie must have been filmed with a regular video camera so within the same scene youll have some moviequality camera shots and simple video camera shots it makes for a very odd blend i think they should have found some way to not do the home video type effect i think its worthwhile to see it if you have seen the original cbtl because then you can compare and see the differences but if you havent seen the original cbtl youll never want to see it if you see this one first it will probably seem way too cheesy and turn you off from even caring about the original one,0
after three outstanding bbc television series and a christmas special the bizarre and grotesque yet perversely lovable characters of bleak fictional town royston vasey make the jump to celluloid along with their creators the league of gentlemen mark gatiss steve pemberton and reece shearsmith are the more familiar threequarters of the foursome with the central roles shared between the trio in an added twist the final member of the team jeremy dyson is portrayed by actor michael sheen where to start dyson sheen is in conversation with his writing cohorts when horror of horrors he is paid a visit by two of his grisliest characters both tubbs pemberton and edward tattsyrup shearsmith are unhappy at the leagues decision to kill off the vasey inhabitants youre not real screams dyson in vain as the local shopkeepers from hell exact their revenge mayhem ensues as reality and vasey converge with the vast array of characters entering our world to save theirs confused you will be as the camp innuendoridden teutonic herr lipp pemberton is forced to take on the daily guise of pemberton pemberton while pemberton pemberton is kidnapped by cannibalistic butcher hillary briss gatiss and geoff tipps shearsmith with shades of an even more demented misery briss attempts to force pemberton to rewrite the film thus continuing his life but leaving geoff in charge is never a good idea the erstwhile comedian becomes embroiled in the leagues latest postvasey adventure the kings evil entering a typically twisted th century england complete with cameos from victoria wood peter kay and david warner known as george of asda due to his select line of clothing geoff saves the day and is treated as a hero but for the denouement of the film he joins characters old and new at the church of royston vasey to meet with their makers for fans of the series the film is a mustsee and yes it does feature papa lazarou albeit a little too fleetingly penloving pauline mickey barbara and cursed vet matthew chinnery are some of the other favourites on show and the leagues portrayal of themselves plus sheens as dyson is also a fascinating insight the league of gentlemen are the radiohead of british comedy they are ambitious groundbreaking witness the excellent series three and not happy to rest on their laurels they also divide opinion accordinglycertainly their macabre sense of humour is not for every palate and while not written exclusively for fans a grasp of the storyline would benefit those who have previously viewed the series nevertheless apocalypse is a film in its own right and the league will no doubt manage to attract a new breed of fan as well as appeasing and pleasing existing ones,1
please make me forget please please this is the worst film i have ever had the misfortune to watch i consider the film an insult to my brain as well as my backside who both have suffered from me sitting and watching this film i have yet to see what damage it has caused my sight and my ability to complete sentences what a load of garbage and dont get me started about the acting someone please help me forget weird science come back everything is forgiveni am proud to give this film the first here at imdb and ive voted for hundreds of films many of them cp but this is so bad i cant even believe it someone actually came up with the idea and thought it was worthy of becoming a film someone actually read the script and decided to produce the film someone read the script and auditioned for it someone saw the film and decided not to put it on a shelf to collect dust for eternity these are the questions i want answers to not the philosophical question about that tree in the woods and well you know,0
i enjoy films of various kinds and qualities whether its your typical standard hollywood action movie or your oscar season tearjerker movies that meet a certain standard will almost always be enjoyable for mein soap girl i received nothing but confusion first we meet maya a massage parlor worker who seems to attract all the customers in the parlor a virgin poet named harry comes in one day and they fall in love after that there are various twists and turns thrown into the plot which seem to lead nowherealthough many have commented on the controversial issue of an asian prostitute being exploited by the white man keep in mind that this film was made by an asian director who wanted to bring light to the issue but whether he succeeds or not does not matter for the issue at hand is whether the movie is enjoyable or notfor me soap girl fails to meet the standard i expect from movies it was hard for me to get involved emotionally with this movie given the loose plot and the mediocre acting worse it seems as if the director wanted to make a drama when the tone falls more towards comedya movie such as soap girl which fails to trap me into the magic of cinema will always leave me bored throughout the movie i couldnt help but think what is this really about a movie has to answer that question before it is made if not what youll end up with is an empty push to captivate the audiencegrade d,0
a very sensitive topic yo girl abandoned by mother as a baby and who goes to visit her continues to be ignored is raped by her moms boyfriend becomes pregnant there was not enough depth displayed of this situation too much of time is taken up on the chase with the truckers transporting the baby interesting this baby with asthmayou never see him cry except once be fed have is diaper changed during the whole truck transport ordeal i would have liked to have seen more of the interrelationships more focus on the fact that this girl was a minorthis should have stood up in court immediatelyand this was a true story it deserved a better telling than thatif it werent for the subject matter i would have given this closer to a rating i rented this from the library only later i found out it was a made for tv movie oh well,0
theres nothing really to dislike about the odd couple and its no surprise that jack lemmon and walter matthau make a hugely winning comedic team but theres something so underdeveloped about neil simons adaptation of his hit stage play as to make it seem more like a skit on a sketch comedy show than a fullbodied film i have not seen the play but have to assume that the screen version is fairly faithful since simon wrote it so the defects cannot be blamed on a stagetoscreen adaptation there are some interesting ideas in this storytwo recently divorced men who fall immediately into traditional married roles when they become roommates because neither knows any differentlythat simon never fully fleshes out still there are many worse ways to kill a couple of hours,1
the story idea behind the lost missile isnt bad at all but unfortunately the story does get a bit dull towards the middle and the overuse of stock footage as well as poor special effects sink this film to the subpar levelthe film begins with a missile heading towards the earth in a panic because its about to strike the earth the soviets manage to deflect the object this isnt necessarily good however as this seemingly unmanned craft has a vapor trail that destroys everything in its path and the ship is now in a low orbit over the planet in other words with each pass it makes a swath of death followsone that could potentially kill us all so its up to the good scientists of the us led by a very young and hardly recognizable robert loggia to formulate and plan to save usand especially save new york that is in its immediate flight path unfortunately they arent able to save ottawa ive never been there so i cant say whether or not this is a big loss but thanks to good old american knowhow they are able to eventually destroy this harbinger of destruction so as you can see the story idea isnt bad and rather original but so many old clips of fighter planes and guys manning radar scopes gets a bit old and it seemed like padding overall a decent but hardly inspired film that extreme fans of the genre may likeall others see it at your own risk,0
it wasnt notable enough to be truly horrible it was just incredibly lame the story was not half bad but the execution was just horrendousto start with it moved too fast for us to emotionally get involved with what was going on it was just paced badly the dialog was so utterly unsparkling just flat and boringand the characters cripes almightly they made deadpool boring how the hell do you make deadpool boring he wasnt even funny he wasnt crazy he was just an annoying guy with a couple of swords he did not even know how to use properlygambit was boring and since when did he have telekenisis to make the cards just float and fly around or super strength to leap hundreds of feet into the air and what the heck was up with all the stupid helicopter moves i mean we know they are mutants but they still exist within the realm of physics a round bo staff is not a helicopter blade you cannot fly by twirling superduper fast which gambit wouldnt be able to do anyway nor deadpool especially when using it as a replacement for real fight choreographyand this film stands as proof that wire work should only be used by fight coordinators who know wth they are doing and know better than to use it in every single shot as a replacement for real fight choreographythree of the most physical fighters in marvel comics logan creed and wilson and some of the worst fight choreography i have ever seen in recent film memory it was as if the stunt coordinator just shrugged his shoulders and left it all up to the special effects guysand then you had the break out with all these mutants who did nothing even mutants who had been shown in their cells to have powers nice to see a quicksilver nod did fall when they got out only emmareallylameforthisfilmfrost and cyclops did somethingand since when was logan so pretty and the stupid the bullet will take his memory away dont you think xavier and the xmen would have noticed the big freaking bullet holes in his adamantium skull when they xrayed him in x i felt sorry for liev schrieber man he actually brought in a good sabretooth considering the script he made one of marvels more simple super villains feel real but he could not save the film from its own epic lamenessseriously this was daredevil level of suck decent story good actors absolutely horrible execution,0
maybe it gets better i wouldnt know i made it through the first twenty minutes or so before cutting it off and entering a period of mourning it was obvious that the plot itself was a familiar one a man paul lematt a professor of entymology at columbia drives with his dog to a small town in ohio in search of his ex wife diana scarwid there he encounters people who either ignore him or are hostile oh they may smile but theres something going on underneaththat sort of arrangement is home turf for movie makers and viewers alike and its pregnant with possibilities you can turn out a neatly drawn commercial success like bad day at black rock or it would have made and probably did make a nice twilight zone episodethe cast includes some seasoned performers too as well as some formerly prominent names kenneth toby a veteran of science fiction is the superficially amiable motel manager diana scarwid can give an impressive performance as she did in say silkwood for some of the others their range is limitedbut its poorly directed and shabbily writtenexample of shabby direction that dog of lematts is disliked by kenneth toby right off the bat so when lematt walks out to the street toby sneaks up to the window of his room peers in at the dog and something zaps cut to lematt in the street he hears his dog howling away then a pov shot of presumably the dog zipping along towards lematt then past him while the wind blows and lematt gawks at the camera cut to an identical shot coming from the other direction whatever the camera represents whatever lematt is staring at is never shown maybe it was nothing because suddenly the wind stops and lematt is alone in the street looking a little bit puzzled you should never have brought that dog in the first place remarks a smiling toby from the porch question what the hell is that scene all about example of shabby writing well two examples if you were to sit down and write a stereotypical waitress in a smalltown diner without the exercise of any craft whatever youd come up with an expressionless babe with her hair piled on top of her head chewing gum sauntering among the tables right anything resembling believability is thrown out the window in favor of special effects lematts car chugs to a halt then explodes while it is waiting to be fixed at the garage chugging to a halt believable exploding supernatural not even edgar allan poe would endorse such an eventand the invaders themselves think of a modest masterpiece like invasion of the body snatchers something is going wrong in dr kevin mccarthys small town and it takes half the movie for the mystery to be unraveled and all the time suspense is building and doubt is growing here twenty minutes into the movie a stranger walks into a motel room and tears off his plastic face revealing a pulsing lightemitting naked brain the pregnancy is abortedi wont tell you the ending because i dont know what it is nor do i care i suppose it had something to do with insects because why else would paul lematt be an entymologist by the way whos handling his classes but im not even sure bugs were involved its entirely possible that the bug business was adventitious the writers may have made him a specialist in insects and then forgot all about it it wouldnt surprise me,0
otto preminger was one of the great maverick film directorslike john huston he was a character from one of his own movieslike mr huston he was a wonderful ham who slipped in and out of performance at random but the final product of his labours was unmistakably his own with a few exceptions films are now made by corporationsnot individualsand as a result are usually highlypolished packagesa product in much the same way as a golf balla tin of dog food or a motor car is a productthe involvement of human beings in the process is almost incidentalsuch is the appetite for the product that there appears no end to the line of wellfinishedglossysuperficially entertaining but ultimately empty films that flood the countless tv channels and movie outletsthere is no time for a man like mr preminger to stand a little apart from the torrent of product and craft a personal work of art of course there has always been the art for arts sake money for christs sake ethos in filmmakingbut now ars gratia artis hasin all but name been consigned to historys cuttingroom floor today otto preminger would be lucky to get a job delivering pizzas in hollywood half a century agohaving made the hugely influentiallaurawhere the sidewalk ends and the moon is bluehe set about filming nelson algrens controversial novel the man with the golden arm in his eccentric and individualistic mannerrather than take his camera out onto the streets he stayed in the studio and used stylised almost expressionistic setsquirky castingmr frank sinatra hot from his success in from here to eternitythe younginexperienced but breathtakingly beautiful miss kim novak and mr arnold stanga man whose oddities were after his own heartand a remarkable era defining score by elmer bernstein featuring the cream of west coast jazzmen an otto preminger film was always an allround experience to be considered as a whole rather than breaking it down into actingdirectingphotographywhat appeared on the screen was premingers visionhis creation and his interpretation of algrens novel not a film of algrens novelany one of twenty competent hollywood hacks coud have produced that from the first hihat cymbal beat that accompanies saul basss iconic title sequence we are drawn into premingers take on what is nowadays called the lifein truth a murky area occupied by hustlersjunkiescopsdrug dealersstone gamblersjazz musicianstheir women and hangersonthe lines are blurred in the lifeand its dog eats dog down there the inhabitants circle each other like sharkslooking for a sign of weakness to be exploitedfrankie machinemr sinatraa professional card dealerexjunkie and aspiring jazz drummer is a born victimwhen things get tough he goes back to the needlealthough he kicks the habit by going cold turkey there are absolutely no guarantees that he wont go straight back on it further down the line mr sinatras depiction of an addict in the throes of withdrawal has divided the criticsbut the fact of the matter is that even fifty years later most of us have probably never seen such a thing in real life so we dont know how accurate the portrayal iswhen i first saw the film in the late s i was very impressedwatching it recently on videoit seemed to put it unkindlyhammyperhaps he is a victim of his own success as many actors subsequently doing cold turkey havewith the passing of the yearstaken his performance and refined it somewhat arnold stang is outstanding as machines pal sparrowa performance he exceeded only in its a madmadmadmad world try and watch it on the big screen and view it as the cinematic vision of a true auteura giant amongst todays pygmies otto preminger,1
the garden of allah was one of the first feature length strip technicolor films to correct a previous poster the first technicolor feature after disneys year exclusivity deal was s becky sharp which was a costume drama that used the color for its garish color costumesthe garden of allah looks as if it could have been shot years later as the cinematography uses not only the color but also the use of shadows it must have been amazing for an audiences at the time to see a color feature after seeing basically only black and white films for their whole life unfortunately the film does not stand up to the cinematography that being said the film is worth seeing just as a visual treat,1
this movie is at times a wild s college sex comedy others a sweet romantic one then it has moments of serious drama and then sprinkles in dashes of science fiction it is so uneven its almost ridiculousbut i would hardly rank it as one of the worst films ive ever seen except of course for the fact that they casted peter otoolethere is absolutely nothing for him to work with here poor dialog poor performances to work off of poor everything and yet hes fantastic there is not one good thing about his part and yet he makes it work if only on pure charm alonethe fact that he was so able to achieve so much with so little shines a spotlight on how greatly everyone else in this film failed making it seem even worse than i suppose it actually isif any other actor was in otooles role i would have forgotten this movie as crap and never thought of it again but a fine performance by peter otoole despite all odds ensures that ill remember this film for a long time to come if only as a film that maybe could have been good if anyone involved in it was nearly half as good as peter otoole,0
this movie is sort of similar to better off dead as it has some of the same stars this one though isnt quite as good granted it is rather funny and enjoyable there is something about betterthat i like well better this one has these guys going to nantucket to spend there summer vacation while there they meet this girl whos trying to save here house from this guy who wants to turn it into a lobster restaurant this guy really doesnt seem to like lobsters cause in one scene he sticks it into boiling water and puts in a stethoscope so he can hear it scream the main character is torn between this girl and the girl of the son of the guy who wants to make the restaurant somehow or another this leads to a big boat race showdown kind of like in summer rental though it works a bit better here and fits into the plot a little better though what is the deal with boat races at this time was there some weird fascination with them for the most part this movie delivers laughs at a good clip but better off dead was still better cause it was the first and the jokes worked better,1
this was amongst the worst films i have ever encountered the cinematography was dull with long tedious shots like a camera on a tripod filming a stage play interspersed with dramatic angles that made little sense to the content on screen the editing was terrible scenes matched together with the delicacy of a butcher the plot hinged on the viewer being familiar with the historical night in which mary shelley wrote frankenstien the acting was forced with the type of character development that left you with an intense interest in seeing each of them die horribly the sooner the better,0
the seventh sign borrows a lot from rosemarys baby and the omen it actually blends the two storieseven its title recalls bergman s the seventh seal neverthelessit begins well enoughwith all the omens scattered on the whole earthand in parallel a seemingly distinct plot with moores husband trying to save a poor boy who killed his parents who were brother and sisterfrom death penaltythis timeboth christian and jewish religions are called to the rescue even the wandering jew is involvedwhich makes the lines sometimes unintentionally funny have you ever been to sunday school but they taught me that god was lovethe best scene imho is the short dialog between priest john heard who does not seem to take things seriously too bad he was not given a more important part because his laidback acting is pricelessand the young jewdemi moore probably registered the same desire as exhusband bruce willis saving the worldshe does not save the movie for all that,0
a kid with ideals who tries to change things around him a boy who is forced to become a man because of the system a system who hides the truth and who is violating the rights of existence a boy who inspired by martin luther king stands up and tells the truth a family who is falling apart and fighting against it a movie you cant hide from you see things and you hear things and you feel things that you till the day you die will hope have never happened for real violence frustration abuse of power parents who cant do anything and a boy with i am sorry balls a boy who will not accept things who will not let anything happen to him a kid with power and a kid who acts like a pro like he has never done anything else he caries this movie to the end and anyone who wants to see how abuse found place back in the ies,1
alfred hitchcocks saboteur is not one of his bestregarded films made between two vastly more popular and critically praised pictures suspicion and shadow of a doubt its generally regarded as a lesser effort i agree that the later film is groundbreaking drawing hitchcock wholly into the american mainstream for the first time but saboteur is in its way at least as lively as suspicion its chief flaw being its less than charismatic star players bob cummings and priscilla lanein saboteur we find hitchcock feeling his way around america literally as its lead character travels from california to new york in search of an arsonist for whose crime he was accused cummings is very youthful here and quite engaging his boyishness but not immaturity perfectly suits the character he is portraying and seems appropriate as the director though middleaged was in the process of reinventing himself and an older more established star might have thrown things off priscilla lanes spunky heroine which not a typical type for the director was very much a common type in american films at the time and she and cummings provide an openness and a youth the director needed both in his life and work at this time i cannot imagine older more solid typescooper and stanwyck for instancedoing any better as they would have between them carried well too much baggageas is the norm in hitchcocks films nothing is as it appears where saboteur differs from his better known films is that the audience is let in on the game early though cummings is an accused arsonist we know that he is innocent the villains become apparent fairly soon and the movie hinges more on its plot than its ironies what pleasures there are are incidental and here the master does not disappoint there is an interesting tod browningish interlude with some circus freaks who help cummings elude capture in another scene reminiscent of james whales bride of frankenstein cummings spends some time in the cottage of a blind man who as it turns out is lanes uncle was the director perhaps studying key american films of the previous decade whatever the case these and other offbeat and discursive aspects of the movie give it a playfulness and variety which when one adds the factor of quite youthful leads makes the picture seem like the work of a younger man still learning his craftthe films later scenes in new york are more suspenseful and typical of the director as the picture gradually becomes more hitchockian as it moves along in the end i find it a satisfying work and as neither cummings nor lane has a dark side as an actor neither does the movie have one it is deliberately lightweight and i suspect semiexperimental an attempt by hitchcock to see if he could pull off in an american setting the sort of story he had done so well in england he succeeded admirably the next logical step shadow of a doubt a film in which the main character travels east to west and with a wholly different set of values and plans,1
this wasis an incredible movie with incredible cast music singing story etc it is a tragedy that some arrogant families the gerswhins or premingers can keep it from being available to generation after generation i have wanted to see it again all of my life i just found this site and read why it has not been available shame on these families for their pettiness my wife is from germany and she has never seen the movie neither have my stepchildren or my grandchildren it is very sad that a movie of this depth and quality is not available for them to see where do these families get off making such a conceited selfimportant egotistical condescending decision to prohibit generations from enjoying this film these stars these performances this music release the video and let them world judge and enjoy,1
this movie has some of the best dialogue ever written the really good lines are all given to george c scott a man who knew what to do with a juicy piece of dialogue i just saw this movie again for the first time in years and the dialogue is as good as ever the bizarre goingson at the hospital are so imaginative as to dazzle you they frequently involve such marvelous poetic justice as to be near strokes of genius i love this movie,1
minor spoilers as a bad movie connoisseur i must have viewed hundreds of bad movies and yet hobgoblins stands apart from all others in its own unique way classic baddies such as the creeping terror the mighty gorga and manos are uniformly bad from start to finish hobgoblins on the other hand starts off bad and gets progressively worse as it goes during my first viewing of the infamous rake fight scene i thought to myself that this was a truly bad film i was blissfully unaware that i had just seen the best that this movie had to offer the movie takes its most massive nosedive into celluloid hell during the painfully inept club scum sequence which is a continuous string of one unfunny joke after another with just this one film director rick sloane proves that he deserves mention alongside the likes of coleman francis and bill rebane as one of the worst directors of all time how bad can a bad movie be watch hobgoblins and wonder no longer,0
i was very disappointed with this series it had lots of cool graphics and thats about it the level of detail it went into was minimal and i always got the feeling the audience was being patronized there was a lot of what seemed to me as this is extremely cool but were not going to explain it in further detail because you wont get it anyway lets just show you some pretty pictures to entertain you the host would drop interestingsounding words such as sparticles and supersymmetry without any attempt at explaining what it was we had to look it up on wikipediafurthermore i know quite a bit about superstrings for a layman and i found their explanations were convoluted and could have been so much better they could have chosen much better examples to explain concepts but instead the examples they used were confusing and further obscured the subjectadditionally i got so sick of the repetitiveness they could easily have condensed the series into one episode if they had cut out all the repetition they must have shown the clips of the quantum caf about times the host kept saying the same things over and over and over again i cant remember how many times he said the universe is made out of tiny little vibrating strings its like they were trying to brainwash us into just accepting superstrings are the best thing since sliced breadfinally the show ended off with an unpleasant sense of a competition between fermilab and cern clearly biased towards fermilab this is supposed to be an educational program about quantum physics not about whether the us is better than europe or vice versa i also felt that was part of the patronizing audiences need to see some conflict to remain interested please give me a little more credit than thatoverall thumbs down,0
the thumb idea isnt such a winner the second time round thumbtanic wasnt as good as thumb wars for a number of reasons primarily i think mr oedekerk had far less to work with in the titanic sendup unlike star wars the movie titanic hasnt yet become a cultural myth and there are far fewer references to be made which will resonate with the audiencein thumbtanic the holes are filled by oneoff jokes which dont really seem related to anything for example the heros insinuation that the heroine isnt clean during the jump off end of ship scene its not funny rather you just think to yourself did i miss something in the original movie there were too many of these type of baseless jokes cf arachnidby contrast the sendup of the smarmy ships designer had meaning and was funny also very funny was the send up of the bloke in the movie who wanted to go faster as a maniac running around demanding everything be faster including the sinking of the ship and himself being the first to die these sort of jokes meant something in the titanic context and lent meaningful humour to thumbtanicthe thumb media the faces and the voices are still amusing the props and sets and the cg animation are worthy of appreciation overall although thumbtanic proves that quirkiness alone wont work this filmette still keeps you amused and chuckling to the end,0
i have to say that this miniseries was the best interpretation of the beloved novel jane eyre both dalton and clarke are very believable as rochester and jane ive seen other versions but none compare to this one the best one for me i could never imagine anyone else playing these characters ever again the last time i saw this one was in when i was only at that time i was a bookworm and i had just read charlotte brontes novel i was completely enchanted by this miniseries and i remember not missing any of the episodes id like to see it again because its so good,1
this is one of the very best films ive seen in ages its right up there with the likes of trainspotting and pulp fiction it just epitomises teenage culture today the soundtrack is absolutely amazing overseen by pete tong its a must see,1
this may sound crazy to even the people who remember this showbut i remembered this as being liveaction i dont think i ever saw the cartoon but movie maybe i remember it very clearly the guy was in a building kinda like a showroom he even had the red jacket it was dark out and he turned into a red car and there was this guy on the second level looking down at him the carguy spun around and crashed through the big showroom type window and out onto the street and then proceeded to drive off that is all i remember i really hope someone else out there remembers this too if not maybe im still crazy but im hoping im not,0
sick really stands for so incredibly crappy i killed myself there was absolutely no acting to speak of the best part of the whole production was the art work on the cover of the boxthe budgeting of this movie was sufficient the filming was sub sesame street the production looks like that of the underground filming for mob hits the props used in this movie were stolen from a clothing store the ending was so predictable you should fast forward to the last minutes and laugh if there is a book out there for this movie im sure its better i would avoid this at all costs i did enjoy the intimate scenes they made the whole movie worth it just kidding,0
michael is king this film contains some of the best stuff mike has ever done smooth criminal is pure genius the cameos are wonderful but as always the main event is mj himself he is the best hands down,1
seymour cassel gives a great performance a tour de force his acting as supposed washed up beach stud duke slusarski will always have a place in my heart the film is centered around a nerd who just came to the beach in hopes of honoring his dead brothers dreams what he gets is lame surf hijinks guys cheating guys fighting and guys getting drunk going to watch surf documentaries with the whole town of la on a friday night duke takes the nerd in and tries to teach him how playing volleyball is like touching a woman next time my woman talks back i will pretend im spiking the ball back to seymour cassel the end of the movie turns into a good drama since the first half of the film really had no point duke plays a wonderful game of volleyball the best hes played in over ten years the way the scene is shot is beautiful you can feel the heart this man has for the game and the love of being on the beach those five minutes will go down as one of my favorites of all time bad to fair the rest of the movie was lame,0
im just filling this comment out because i couldnt stand the fact that a positive comment was featured on the complete information page i really think this to be the worst movie ever made in my country this is not only because of the terrible plot the crappy english and a tensioncurve that is as flat as our country no it is because this was a serious attempt to make a good action movie conform the hollywood standard it had to be the european action movie of the yearfor this purpose they even hired fejda van huet actor in the academy award winning picture karakter to do the job i dont mind bad films i can even enjoy them if they are pretensiousless b movies but i cant stand movies that are terrible but supposed to be atype movies,0
demon wind is about as much fun as breaking your legs it is definitely an awful example of a film so awful in fact that i dont even consider it a movie i describe it more as a thing a monstrous thing a thing that must be stopped at all costs my friends and i first discovered this thing buried under a big box of video tapes at my friends house it was a late night and we had nothing better to do so we decided to watch some cheesy horror movies we unfortunately picked this one well during the minutes that this thing played we ended up laughing so hard that we almost threw up the thing is literally pointless in every sense of the word its just a cheap poorly done ripoff of evil dead the whole story seems to be nothing more than some guy wanting to knock off his friends by inviting them to an abandoned house and letting demons rip them to pieces i have a bet that the writers were actually writing the story while it was being filmed ive seen bad horror movies before manos troll hobgoblins shudder i would have to say that demon wind could definitely contend with any and all of these films on terms of sheer stupidity watch it only if you enjoy laughing at stupid filmsfun fact this film is like a cockroach on steroids much like the ouija board every time we try to get rid of it it always seems to mysteriously reappear kind of scary huh,0
definitely needed a little work in season such as the virus between max and logan and ames white along with his ancient super cult during season two however the only thing that kept me watching was to see if max and logan would ever get rid of the nasty virus infecting max very good drama in season two but of course like all tv shows if theres something a little wrong with it the broadcasting company takes it off the air i was seriously hoping for a third and final season season leaves you hanging unless you read the books by max allan collins then you will know what happensdark angel should be put back on the air for one more season even though it might cost a lot just to get all the original actors again since jessica albas carrier sky rocketed after the show if that would be the case then there should be a movie to complete it just like the show firefly which of course fox canceled as well,1
john pressman micheal i shoulda called ditech lerner works at a doctors office as an orderly his mother zelda poltergeist rubenstein hypnotizes him to off the people who see thinks wronged him but this turns out to be a movie within a movie but the lines soon blur as john goes a movie theater to kill prompting a guy whos watching the movie to do the same lerner is suitably over the top in this but zelda repeats lines of dialog over and over again that gets annoying fast but not as annoying as the two girls who are watching the movie within a movieas a horror film this one fails its too busy trying to be clever trying to impart a message and seems to forget a slasher film must evoke a sense of tension or at least a jump or two no what we have here is the worst kind of slasher an arthouse onemy grade d,0
i was greatly moved when i watched the moviehow jonny could keep such hope and faith was amazing so many people only care about what they want and fuss about all the things they dont have and they are such small things like chothesmoney a new car ive seen people in tears because of a blemish this movie brings everything back to the basics lovehope the beauty of the simple but so important things in lifeit makes our everyday problems seen for what they are small and really unimportant you watch this boy and you realize as long as you have been blessed with food a roof over your head and your loved ones around you you are truly blessedand the saying stop and smell the roses truly has a new meaningand i know jonny will see this and i want to thank him so much for sharing such faithstrenghtand humor with me thank you jonny i know you soar the heavens and bring much love and laughter to the heavens above,1
the movie is about two brothers that are supposed to be alike but are not in any way expect for being smart one is a surgeon and they other is able to write a computer code geniuses as they like to call themselves which sounds very exaggerated if you compare it to personal characteristics can you perceive from the material of the titlei honestly didnt like the style of the movie i believe that anxiety confusion and deep blues it brings are there for a purpose but what i dont get is why there is so much of it the movie is cheap on scenes and tells the story basically with no human aspect in it at all it gives the comic book like experience however its visually numbing the viewer it somehow brings him inside the blues with brief dialogs monotonic scenes dynamic cut music and abrupt noisesthe movies storyline is very simple most of whats going on is being dramatically pictured for long minutes mostly in confusing delirium simulating effects of drug use and dynamic cutsi will say openly that this movie didnt meet my expetations a tiny bit,0
i ran across yvette mcclendon in a film at the los angeles film festival and thought she was a doll after writing my review of her film there i wanted to see more of her found this movie it was pretty bad not her fault she is only in the first few minutes where she is obviously being the person to pull you in to watch this bad movie bad directing scenes are looped over and over with all the actresses amber smith has a very bad breast job yet the other actresses looked pretty good i really like yvette but this was obviously a bad choice of hers i cant believe i rented this trash to look for her i hope to find her other movies,0
the sequel that no one asked for to the movie no one wanted there are obviously too many flaws with this movie to name here so ill just concentrate on the acting miles okeefe would have been better suited to play the spritely asian sidekick thong mainly because he would then have no dialogue lisa foster delivers her lines displaying one emotion dullness charles borremel brings life to his part by pausing every five words and finally the flamboyant john saxontype guyno comment is neededsee conan the barbarian if you need to but dont waste your time with this lowbudget loser,0
the plot was not goodthe special effects werentthe acting was not very good at alllike others i felt there were numerous holes in the plot that you could fly well a space shuttle throughi thought the ending was rather unbelievableby the way guys about the blow torch in spaceblow torches have their own supply of oxygen hence the name oxyacetylene torch two hoses run from the torch one to an acetylene bottle and one to an oxygen bottleso a blow torch would work just fine in space,0
a scientist and his girl friend are out driving when his speeding causes a car crash he escapes unharmed but she is decapitated he saves her head brings it to his house and keeps it alive he then proceeds to search out models and strippers for the perfect body for the head his crippled assistant watches over the head which starts talking and has a telepathic or telepathetic link to a deformed monster kept in the closetas you can see this is pretty stupid stuff but i had a certain fondness for it when i grew up in the late s a local tv station showed this movie about times each year no exaggeration they showed it always on saturday afternoon tvuncut seeing this on tv back then was great explicit blood and gore along with a gruesome monster and sleazy sexploitationwho cares if it was good seeing it now i realize how lousy this really isthe acting is perfectly wretched the production values are nonexistent the script is pretty dumb and aside from the still pretty disgusting gore this is dull stuff theres also a mild cat fight between two women and the admittedly great monster at the end also add in an ending which leaves tons of loose ends on one hand this is an interesting example of a s exploitation film on the other its utter trash either way its not a good movie but is a mustsee for one time only for horror and gore fansalso the heads laugh is pretty creepy note the end credits which gets the title wrong calling it the head that wouldnt die,0
you looking for a comic drama with suspense and an ensemble cast well locate this little sleeper john lithgow and billy bob thorton are great in this little plot twister dont forget the cameo by jamie lee curtis a touch of the s a touch of the prince and the pauper and dash of that homegrown gold makes for a greast little story,1
a remake can be successful an adaptation can be successful it isnt relevant whether its a remake or an adaptationa good movie is a good movie and a poor movie is a poor movie regardlesssarkar i am afraid was a very poor movie first of all just by making characters look dangerous or macho they dont bring in an aura about themwhat was so brilliant about nagreamitabh bacchans character that we should have been in aura of his power and what showed the benevolence of the character nothingthis fact was said by a commentator and amitabh kept giving facial expressions now amitabh can give brilliant facial expressions but why should it mean any thing if there is no history or story to go with itthere wasnt proper charecterisation of the characters who worked under sarkar too just because a man had spectacles why should we assume he is wise the flow of the movie was generally dullbecause scenes from the godfather were created like the policeman slapping abhishek bacchan the older brother being killed by abhishek like fredo was killed on instructions of pacino but too much was sought to be packed into the movie with too little story and depth to go with it that was indeed the problemif you try to pack hours of intricate detail like a godfather in hours and that too with few dialogues what you get is a highlights show from a cricket match never making the full impact watching a full match will make,0
i think that complete savages is a very good tv show and they should make many more episodes it is one of my favourites it is very funny and it is really good acting i say that you should give them a chance to do more episodes iknow that they can and they should they should put complete savages on nickelodeon more than what they do im sure that many people will agree with me i like the tv show because it is a very good programme for people our age and it is very funny i also like complete savages because it isnt always about the same thing and things that happen could be real unlike other yv programmes when they advertised it i didnt like the sound of it but i watched it for the first time and i loved it complete savages is an excellent comedy and i miss it being on tv i cant really compare complete savages with any other tv series because it is different,1
ingrid bergman cleo dulaine has never been so beautiful gary cooper as cleent so perfectly cast as a laconic texan who knows this gal is up to no good when the two lock eyes at the french market we know this match will be full of sparks when they stroll in her garden in her restored french quarter house and the love theme plays it is a dream for all us romanticsthe costumes are lovely the set decoration makes you wish the quarter was just that way and that saratoga still had that hotel with the wide veranda with all the old biddies gossipingfrom edna ferbers novel the story is of revenge for old wrongs and the fights over who would run the railroads in the early days of that industryin the saratoga scenes florence bates as a grand dame steals every scenebut it is the scene of cleo taking on the little lawyer her new orleans relatives have sent to buy her off that is a magic movie moment after cleo has bested him in the negotiations he looks at her with longing and says may i say you are verybeautiful and cleo with a happy wicked smile says yes isnt it lucky you want to shout yesone of my all time favorite romantic films,1
its awesome in story mode your going from punk to pro you have to complete goals that involve skating driving and walking you create your own skater and give it a name and you can make it look stupid or realistic you are with your friend eric throughout the game until he betrays you and gets you kicked off of the skateboard teamyou can pick a team to be on and you then start your own team there are many levels like new jersey manhattan and even school iinot part of story mode though from tony hawks pro skater you can unlock secret skaters like iron man gene simmons and another skater you can create your own goals like skate letters combo letters tricktris gap and much more you can create the goal pedestrian and write what they speak if you get bored of doing that you can do the premade goals in premade parks the only thing i didnt like about this game was that sometimes it was hard to drive the cars,1
as a convert into the church of jesus christ of latter day saints i try to absorb as much as i can of my new religions history i was invited to attend a showing of this film with my sons the other young men women as well as their families of our ward on a beautiful spring evening we drove to kirtland ohio to the churchs historical village located there we were to have had reservations at the vistors center to view this movie since my movie viewing was limited to only a few church documentaries i was intrigued the only full length motion pictures of the churchs i had seen was legacy and my best two years both which i thought were very well written and preformedat the beginning the missionary interpretor passed out tissues stating that several people had been deeply moved to the point of tears by this movie i thought okbut it takes a lot to move me to tears imagine my surprise when i found myself sobbing it truly is a very moving inspirational testament to the prophet joseph smithsee it believe in its powerful message,1
the original was a good movie i bought it on tape and have watched it several times and though i know that sequels are not usually as good as the original i certainly wasnt expecting such a bomb the romance was flat the sight gags old the spoken humor just wasnt this may not have been the worst movie ive ever seen but it comes close,0
i looked forward to watching this film since i loved the david lynch version in my first attempt at watching it i fell asleep nothing was happening the next night i tried to watch the rest and again it was putting me to sleep nothing ever happened in this movie that could keep anyones interest alive the only time it got a bit more exciting was when i tried it on fast forward the dvd came with a second disk which contained bonus material needless to say i had no hard to go through the torture of watching more of dune here are the low points the acting was bad the plot moved in slow motion the sets were and looked cheap the direction was pathetic and the cgi visual effects childishif you want to watch dune save your money or rent the version,0
radio flyer is one of my most loved american moviesthe really great job of two boys joe mazzello and elija wood in spite of terrible performance of thanks at the beginning and ending with marvellous script of dmevans and powerful and emotional directing of rdonner plus absolutely incredibly peerless music score of hzimmer allowed the radio flyer to win one of the first places in my familys rating of moviesits so pity that that very good movie was underrating by some movie criticsi just cant help waiting to see it on dvd,1
i saw mommywell she wasnt exactly kissing santa clause he has his hand on her thigh and wicked thoughts in mindthis was enough to emotionally scar a young boy who wanted to believe he grew up to be a bitter man who was upset at the quality of the toys being made and the lack of christmas spiritexpecting a real slasher flick i was very disappointed that less than a handful of people dies and there was no nudity at all what a bummeri wanted to like this flick but it was just too slow and really didnt have a good script i didnt expect great acting but i sure wanted some action there just wasnt any,0
a quick glance at the premise of this film would seem to indicate just another dumb s inbredbackwood slashfest the type where sex equals death and the actors are all annoying stereotypes you actually want to die however jbd delivers considerably morerather than focus on bare flesh and gore though there is a little of each no sex however the flick focuses on delivering impending dreadmounting tension amidst a lovely scenic backdrop these feelings are further heightened by a cast of realistically likable characters and antagonists that are more amoral than cardboard definitions of evil oh yeah george kennedy is here too and when is that not a good thing if you liked wrong turn then watch this to see where much of its methodology came from,1
just kiddingseeking greener pastures in the form of hustling in new york city jon voight is young optimist cowboy almost forest gumplike joe buck from texas it does not take long for the big apple to mercilessly swallow him and his ambitions whole and very soon joe is the target of both the coldness of new yorkers and cons from its streetthugs given his pure heart he takes pity on one of these thugs ratso rizzo dustin hoffman and later moves in with him in his wreck of apartment and the two literally struggle to survivewhile midnight comedy is labeled as a drama it is best described as either a tragic comedy or a comedic tragedy in my opinion it is above all a beautiful film that is stylish in capturing the contemporary hippievibe of the late s with its mandatory dizzying warholparty cinematography and juxtaposing it with ultraurban new york city the film crams cowboy joe buck somewhere in between thereby emphasizing his outofplace position we feel for his struggle to fit in but also to merely get enough money to feed ratso rizzomidnight cowboy brought tears to my eyes as it is also rich in substance and projects a lot of heart i imagine this film must have inspired both forest gump with its purehearted and outofplace lead character and to an extent the crocodile dundee films as it deals with almost the exact same kind of humour a contrast between countrycowboys and slick new york cosmopolitans very compelling and sensationally creative film that i highly recommend,1
all the bare chested women in the world couldnt keep me from hitting the stop button about a third of the way through this awful rubbish with the derisory acting equally terrible script plus the poor cgi fx to match this movie is an insult to the werewolf genre it is supposed to be serious which in itself would be funny if this film could even make it to the level of being a bad jokethis is one of those movies where the people behind the camera are obviously competent but are too lazy to make something even one quarter decent avoid at all costs and watch one of the classic werewolf movies instead out of,0
cactus flower is what i call a pizza movie a personal favorite that never fails to satisfy perfect for an evening at home with a pizza knowing all the lines and what lines by heart only enhances the enjoymentsince so many others here have retold the plot ill simply add the correction that bergmans character miss dickinson was a nursereceptionist meaning she was a skilled nurse and therefore an educated person not just a receptionistbergmans performance in this film and the film itself was largely dismissed at the time but todays audiences will marvel at her range not just the impeccable comic timing but the ability to make us believe her character is unaware of her own feelings while revealing them so clearly to toni and to us while the general plot stretches credibility bergmans performance is compelling honest and utterly believablealso a standout is jack westons performance as the matthaus old friend and coconspirator harvey no one could deliver a zinger like weston and ial diamonds script gives him plenty for example thats such a big dirty rotten lie it has class weston excelled at slightly seedy characters because he exuded a warmth that allowed you to forgive his characters flaws the film is a fairly straight adaptation of the abe burrows play which was itself adapted from a french play by barillet and gredy on broadway matthaus role was played by barry nelson bergmans by lauren bacall and hawns by brenda vaccaro it ran for performances three years and was nominated for two tony awards vaccaro and burt brinckerhoff who played igorfor me the films score written and adapted by the legendary quincy jones is another highlight the main theme a time for love is anytime is performed by sarah vaughn over the opening and closing credits it is also insinuated in different arrangements throughout the film most notably as the romantic piano music underscoring bermans speech to hawn in the record store jones also created covers of popular songs from the period to sir with love im a believer for the night club scenes as with all of the films elements there is a tremendous amount of talent taste and professionalism evident in my opinion few modern romantic comedies can hold a candle to this classic its great to finally have it available on dvd time to call for a pizza,1
staten island filmmaker andy milligan is well known in the horror community for being an even worse director than ed wood and with this as a dim example of his output im apt to agree with them in the ghastly ones we basically have three bickering couples traveling to their childhood home located on a conveniently secluded island to collect an inheritance there they are killed off one by one and the events unfold in murdermystery fashion with a scarred retard hunchback butler added to throw you for a loop the film is in such bad shape that it looks like someone just ran it through a dishwasher the sound is terrible the dialog is otherworldly bad theres some primitive mannequin gore plus some dismemberments and guts and its technically inept in every possible way it can be inept but is it enjoyable in a bad movie kind of way sort of its excruciating to watch but oddly entertaining in a train wreck fashion approach with caution if youre not a fan of horrible movies better deep six this one,0
this tv show is possibly the most pathetic display of crap on tv today horribly predictable obscene usage of slow motion photography cheesy story lines chuck norris is an abomination who should never have been allowed to be filmed in anything the way he chooses to make each episode into a public service announcement is really annoying his acting sucks so bad that it makes a person cringe with embarrassment i will give the series some credit thoughit does get entertaining at times but not enough for it make any difference with all the negative points this series has i still prefer it over reality tv it cant really get any more worthless than that,0
i just saw this movie mainly because brady corbet is in it and i must say that i was not pleased of course the computer graphics were amazing but the story line needed a little touchup also i think this movie would have done much better with more curses and blood as well if it were rated pg that would definitely attract more people to see itteens what would also attract more teens particularly teen girls would be a large close up of brady corbet on the thunderbirds poster even though the movie had its down points i still saw it and thought it was okay,0
a ridiculous movie a terrible editing job worst screenplay ridiculous acting a story that is completely ununderstandableif god was going to decide if movies should continue to be done judging by this one the entire world movie industry would now be deada wonderful movie to show that cinema should not be done by people who think they can make moviesi am still wondering who are those two gipsy girls who show up in the movie for over half an hour and are never introduced to us,0
my comments may be a bit of a spoiler for what its worth stop now if you care enoughsaving grace should have been titled a paperthin excuse for old british women to get high onscreen this film is dumb the incidental music is an annoyance as are the obvious hackneyed tunes that sporadically pop up to comment on the narrative spirit in the sky for example oh i get it this is basically a cheech and chong movie made credible by its stodgy english setting and brenda blethyns overwhelming power to inflict emotion on an audience using her voice alone i could literally hear the folks over at high times magazine receiving their jollies over the enormous buds that litter this picture worst scene easy brenda attempts to peddle her illicit wares on the street of london in a blaring white dresssuit not funny not original not interesting not a good movie the rating is the result of zealots overvoting dont waste your time,0
this series just gets worse and worse poorly written and just plain not funny the premise is excellent but the writers inexperience shines through by trying so hard to offend no one they end up insulting everyone now into the second season the desperate cast have stopped waving their arms about and resorted to that patronizing smug oh silly you style acting that comes with a no laugh script they roll their eyes and shake their heads at each other as if to say arent we zany isnt this funny well no its not actually gum disease is less painful no wonder with the exception of corner gas canadians generally avoid canadian tv come on cbc youre suppose to be our leading station showcasing the best of canadian talent pull the plug on this amateurish mess,0
i was looking forward to this so much being a big fan of the book however when it came out i remember thinking it was one of the biggest wastes of money and time ive ever spent at the cinemain principle the acting the sets and the music were excellent and are the main reason why im rating this a in this version sara is a little too selfsacrificing for my taste there is no way she would have deliberately lied to miss minchin just to stop her punishing the other girls in the book she makes a point of describing lies as not just wicked but vulgar theres also far too much of a disneyfied ending for me saras father coming back from the dead and all of them trotting off into the indian sunset while the book does have a happy and critics might say equally improbable ending it doesnt leave you thinking oh puhleezeabout the only things true to the book were saras father being a soldier the lines between sara and her father are you learning me by heartno i know you by heart you are inside my heart saras friendship with becky and her adopting lottie although this last one wasnt developed as much as it could have been the changing of her room by adding various luxury items that part was brilliantly done the basic core a rich girl being flung into poverty suddenly is there but thats about all that ispeople might say that this adaptation is more for the younger audience possibly all i can say to that is i have two cousins aged and respectively who were big fans of this film until they read the bookif all you want is a feelgood family film then this delivers if youre looking for a film that actually tells the story of a little princess in fact if youve read the book dont waste time with this one its such a shame with a cast like this if theyd stuck to at least the basic story it could have been fantasticam i harping on about read the book this and read the book that a little too much very probably but if someone attempts to adapt a book especially such a classic into a movie then they should at least have done the same thing preferably more than once,0
jane austen would definitely approve of this onegwyneth paltrow does an awesome job capturing the attitude of emma she is funny without being excessively silly yet elegant she puts on a very convincing british accent not being british myself maybe im not the best judge but she fooled meshe was also excellent in sliding doorsi sometimes forget shes american also brilliant are jeremy northam and sophie thompson and phyllida law emma thompsons sister and mother as the bates women they nearly steal the showand ms law doesnt even have any lineshighly recommended,1
no this is not an ed wood movie angora love is stan laurels and oliver hardys last silent movie the end of an era in the s laurel hardy left a real mark on the silent movie genre with movies that are still popular and being watched and aired regularly this present dayits a shame that this movie is however not among their bestthe premise of the movie sounds good and is good the boys team up with a goat this time which of course leads them into trouble and for us some hilarious situations to watch it however at the same time is extremely silly and just totally unbelievable to watch the boys doing comedy stuff with a goat most of the jokes in the movie still work good but the movie just however never gets truly hilarious or memorable the comedy and story really feels lacking at times and is mostly too simple and predictableof course still good and fun enough to watch for the fans but still a slightly disappointing last silent laurel hardy entry,1
when alfred hitchcock made strangers on a train it was a harbinger for the bulk of the film going public that he was back at the top of his form from to his films were not box office successes and his contractual arrangement with david o selznick ended because of this actually he made some really good films in the period such as notorious spellbound under capricorn rope and my opinion stagestruck but while notorious and spellbound were liked the audiences were turned off by hitchs attempts at experimentation his use of a dream sequence by salvator dali in spellbound was acceptable as was the setting among psychiatrists but the experiment with long takes in rope confused the public making ignore the merits of that film and the willingness of hitch to have the audience fooled by a lie told by a leading character in a flashback was disliked far more disliked then it deserved to be in stagestruck a matter of bad timing for under capricorn it was released just as the scandal of its star ingrid bergman and roberto rosallini broke out made it seem to be a failure which it wasnt the paradine case was another failure and one that really had little in its favorwith strangers on a train hitchcock shied away from the special tricks that interested him in the recent films instead he concentrated on his favorite themes of shared guilt and mistaken identity based on a novel by patricia highsmith the story was of how guy haines a professional tennis player meets a fan of his bruno anthony a playboy who is traveling on a crosscountry train at the same time as the athlete bruno is talkative and fawning and guy views him as one of the typical fans he has metif a little eccentric with his talk of wanting to be on the first rocket to outer space but bruno knows all about guys personal problems he is married to a promiscuous young woman named miriam and is in love with anne morton daughter of a senator bruno knows that miriam wont divorce her successful celebrity husband bruno mentions how he can sympathize he hates his stepfather who is constantly criticizing him then bruno mentions sort of off the cuff an idea he has about two men technically strangers exchanging murders for each other and then committing two perfect unsolvable crimes instead of fumbling them guy listens to the idea and agrees it is an interesting idea the train reaches guys destination and his last comment is like a validation of the idea he just does not realize that the eccentric bruno is a sociopath and believes guy has just agreed to the two killing each others foeits a wonderfully simple plot actually bruno of course does kill miriam but he fully expects guy to live up to the murder agreement and kill his stepfather guy is horrified and worse he finds that he is the police departments number one suspect when bruno to encourage guy mentions he has the latters lighter he pocketed it on the train and can plant it at the murder site guy finds himself in deeper problems how to avoid the police and how to control if possible the insane brunohitch always planned the shots of his film carefully so that from the start we see both our heroes from their feet heading towards their fateful meeting in the train with each other there are constant crosscontacts used in the film to show how the two men are drawn into each others orbits it is like fate drawing them together yet both have their own personality and hitch with a typical twist makes the mad bruno actually more of an attractive figure his scheme may be vicious it will kill two people if successful and he will have guy live up to the agreement no matter what but he has a zest for life one suspects that once guy too had one but his marriages failure coupled with his now dating a socially prominent woman has made him more circumspect and dull than he wasthe cast is good too robert walker probably had his finest role in this film only a year before his death it was a far cry from the homespun boynextdoor of since you went away or the clock his lithe figure also looked quite elegant in tales in several scenes as guy farley granger acts like a cousin of his comurderer in rope especially as the circumstances make him increasingly suspicious to the authorities as his earlier role made his jittery behavior increasingly suspicion to jimmy stewart as for the ladies kasie rogers is properly sluttish as miriam enabling the audience to be prepared for her demise in a famous sequence shot in the reflection of her eyeglasses so that they actually are cheering bruno in his act of evil patricia hitchcock appears as the younger sister of anne ruth roman who bears a close resemblance to miriam and accidentally sets off bruno at a social occasion she plays this rare role well ruth roman is properly supportive of granger but her role is limiting because she is establishment in her background and somewhat low keyed other supporting performers leo g caroll as the senator marion lorne usually a comedian as brunos dotty mother and norma varden as an unexpected recipient of violence from walker are all shown to best advantage all at the hand of a master,1
three kids are born during a solar eclipse and turn into vile murderous little tykes whore above suspicion by everyone save for joyce lori lethin and her younger brother timmy thats the story in a nutshell the acting in this one is tolerable for the most part notable for mtvj julie brown not the downtown one showing some skin and a very early part albiet small for michael dudikoff not a great film by any stretch of the imagination but in the killer kids subgenre its a bit of a guilty pleasureeye candy julie brown shows ta the only film thus far to claim that honor sylvia wright gets topless dvd extras r minute interview with producer max rosenberg wherein he insults the director and canada great stuff biography of ed hunt and trailers for kiss of the taratula dont open the door a redband one for homework which features nudity my grade b,1
there is a dvd published in the uk in code hrgd on the cover no asin vfc on the disk no ifpi code in the inner rimprobably a straight transfer from vhs there is no much point is commenting an adult film but this one contains a minimal plot and the characters are believable it was shown in the united states in normal cinemasive seen it in pensylvannia way back in as such it deserves a place in an encyclopedia of movies the dvd has no special features and no subtitles and was probably made using a vhs tape as source,0
this review is for the extended cut of this moviei first watched dragon lord when i bought it on dvd many years ago i always liked this movie and you can read some of the more positive reviews of it to get the general ideathat being said ive always found the storyline a bit confusing the movie is after all a love story and it always seemed strange to me that a love story should end with a minute fight scenewell in the extended version this is no longer so the old original version begins off with a huge barrelclimbrugbylike sequence which is the new ending sequence in the extended version the opening sequence is dragonjackie chan hanging around his house and pretending to be training and reciting whenever his father is aroundother sequenced have also been shift or prolonged in the extended cut and the story makes a lot more sense when you watch it the pacing is also better and overall it just works better it feels more like a love story and doesnt leave you asking questions about why it ends so drastically and dramatically as the regular version doesi suggest everyone who is a hongkong cinema or just plain jackie chan fanatic to get a hold of the extended version and watch the movie the way it was originally intendedor at least thats how i think it was intended why else would they make it and rearrange some of the scenes when i was done watching it i felt like i had watched a completely new jackie chan movie although most of the sequences were the same,1
nightbreed is definitely my most favorite movie ive worn more than one tape as it is the makeup is awesome the story is lovely it takes a few different twists and isnt quite as deep as the story its based on cabal by clive barker but for a movie adaption it stays very true to source material the only problem with this movie were the producers vain attempts to turn it into a teen slasher movie hence the changed ending to allow for sequels eye rolls apparently someday were going to be getting a directors cut that will i hope clear up this bit of nonsense until then id suggest it to anyone who like dark fantasy type horror as opposed to freddyjasonmicheal type slashers i really dont know what would be comparable,1
this long winded film turns out to be less about berkowitz and his effect on nyc but more about painting caricatures of a certain group of italianamericans known locally as guidos the problem is that guidos are uninteresting no matter what kind of story or setting they are immersed in they are already living caricatures so lee only amplifies them rather than simply portraying themwhen someone has a caricature done of themselves they dont go home and say hey lets make the ears and nose even bigger thats what lee has done in this film the most interesting characters in the film are the two adrian brody and jennifer esposito who wish to escape the guido lifestyle top it off with an uninteresting storyline for the characters particularly john leguizamos and you get a nice film to fall asleep by especially considering its lengthy run timeone more strike against it for someone proclaiming to be a yankees fan and has grown up in new york spike lee should know how to spell phil rizzuto which is spelled incorrectly in the closing credits,0
while studying the differences between religion and cult in college mindy rachel miner who is the best student in the class convinces her schoolmates cassandra taryn manning bailey glenn dunk alex joel michaely and morgan victoria venegas to research the massacre of worshipers of kwan yin by their leader owen quinlin robert berson twenty years ago in california quinlin had found an ancient amulet in southern china that would give an enormous power to him after the sacrifice of human souls but one woman resists and he is destroyed however after the death of morgan who apparently committed suicide the students discover that quinlin has returned and is chasing their souls with his amuletthe storyline of cult is not totally bad unfortunately the screenplay the direction the acting the lines the camera the cgi and the edition are awful i was completely bored and tempted to use the ff button of the dvd but i resisted and wasted minutes of my life watching this neverending crap on a saturday night my vote is twotitle brazil o amuleto secreto the secret charm,0
theres a part of me that would like to give this movie a high rating considering that it was made in this is a very courageous movie about transvestites tackling the issue fairly seriously and sympathetically and offering the viewer a lot of information on the subject and trying very hard not to stereotype the movie clearly makes the point that transvestites are not homosexuals and that aside from wearing womens clothing they lead a relatively normal life it deals with the pain of not being accepted in society the plot revolves around a police officer lyle talbot desperately trying to understand the issue because of the recent suicide of a transvestite so you have to give everyone involved with this movie credit for taking on such a controversial in the context of subjecthaving said all that im also sorry to say that this movie is absolutely dreadful in trying to portray glenglendas edward d wood pain the movie falls into silly and at times surprisingly again given the era sensual fantasies that make the story very hard to follow the acting is wooden at best none of the dialogue comes across as real the actors look and sound like people reading speeches written by others and worst of all there was no point to having bela lugosi in this movie this was another of the increasingly embarrassing roles this poor man took on in the latter stages of his career pull the strings pull the strings poor lugosis character called the spirit in the credits but really coming across as more of a mad scientist kept crying and nothing he did really seemed to have much connection with the rest of the moviefor artistic merit the movie doesnt really deserve much more than however for the courage involved in just putting it out ill give it a,0
sammy horn michael des barres is the head chef and owner of a famous restaurant in california he has a lovely wife grace horn rosanna arquette who is pregnant and a beautiful son of about five years old sammy indeed loves his family but like dr jeckyll and mr hyde he has a double life having sex with many different women dr jane bordeaux nastassja kinski is trying to help him ok it is my fault i read the summary of the other imdb user comments i saw the imdb user rating but i really did not believe that rosanna arquette and nastassja kinski could participate in such a bad movie i decided to check it and actually some comments are very complacent the storyline the screenplay and the dialogs are so silly and laughable that even in some xrated movies we can find more intelligent stories the photography is so amateurish and naive that in some parts it seems to be taken through a vhs camcorder michael des barres does not have sense of ridiculous being an old man bald would be acceptable in an advertisement of viagra or grandfather of the small boy but as an attractive man who gets and has sex with any woman it is scary in wood allens comedy maybe he got a chance but in a serious movie it is funny i am trying to figure out why or how rosanna arquette and nastassja kinski accepted to participate in such awful amateurish and trash movie do they need money lack of chances in better movies due to their ages are they friends of the director sorry for using this word and decided to help and promote him i do not know whether the intention of rosanna arquette was to show her breasts full of silicone but it is unacceptable that such a great actress accepts such a script the same is applicable to the gorgeous nastassja kinki she is presented fat without makeup without any glamour a total lack of respect with one of the most beautiful actress in the cinema history a fact is really intriguing me how can a reader without any personal interest promote this trash giving higher ratings or writing favorable comments about this movie are they friends of the director again i am using this word or the cast it sounds very strange to me that a normal imdb reader can like such a film my vote is twotitle brazil viciado em sexo addicted in sex,0
i dont particularly care from michael jackson aside from being a pedophile i really do not like his music with the exceptions of a few songs from his landmark album thriller this is one of them i do like this video because it is one of the first and most important music videos ever madethis was directed by john landis best known to horror fans as the director of an american werewolf in london this music video is not so much a music video but more or less a short horror film mj and his date are at a werewolf movie when they leave the movie they are attacked by a horde of bloodthirsty zombies when michael jackson does his famous thriller danceyou know this actually is a pretty good song with good synthesized beats this and beat it are probably the only two michael jackson songs i can tolerate over and over i especially love vincent prices cameo as the narrator his distinctive voice is perfect for a horrorthemed music video even if you dont like mjs music you need to see this video at least once by the way he was good before becoming a creepy white woman with a fake nose,1
i loved this episode it is so great that all of them team up and stop luthercorp and save the world i also love this episode because kyle gallner bart allenimpulse and justin hartley oliver queengreen arrow are guest starring in it i just hope that clark will join the justice league and well get to follow this group of heroes across the globe it was really exciting and keeps viewers interested because of what will happen next i think chloe should also join the team as watchtower that would be such a coool thing for her to do besides the daily planet because she doesnt have super powers also i want to find out what types of subjects lex is going to use for i wonder what other types of powers other people in the world have,1
a typical goth chick rainbow harvest looking like a cross between winona ryder in beetlejuice and boy george gets even with people she feels have wronged her with the help of an old haunted mirror that she finds in the new house she and her mom horror mainstay karen black the only remotely good thing about this travesty buy the actings pretty laughably bad especially when rainbow interacts with the aforementioned mirror and there are no scares or suspense to be had this film inexplicably spawned thus for sequels each slightly more atrocious than the last people looking for a similarly themed but far superior cinematic endeavor would be well advised to just search out the episode of friday the th the series where a geeky girl finds an old cursed compact mirror that packs more chills in its scant minutes than this whole franchise has provided across its filmsmy grade d eye candy charlie spradling provides the obligatory ta,0
this is one of those little christmas movies for everyone our scrooge is ben affleck who decides money is not enough so he rents the family who lives where he thought his family did ok this is a great little high school soap pg but the small sex references are comedy so if your kid cant handle them they cant live in the real world eithernow affleck is a hunk and as usual walks through this fun omg remember when we did ensemble piece as if he were at the end stages of some neuroinfectious disease but thats ok because even this old oracle keeps hoping that if bens that well proportioned all over well theres hope for us ladies yet luckily the rest of the ensemblecatharine ohara james gandolfini christina applegate udo kier and josh zuckermanfill in and keep this shadowsideozzieandharriet christmas alternately hilarious comfortable and warmthis movie is the kind you can jump up and get popcorn and when you get back everyone wants to back it up to show you what you missedthis is a happy film after all and it leaves you feeling good about life love family christmas and chanel there really is something for everyone,1
this movie starts off somewhat slowly and gets running towards the end not that that is bad it was done to illustrate character trait degression of the main character consequently if you are not into tragedies this is not your movie it is the thought provoking philosophy of this movie that makes it worthwhile if you liked dostoyevskys crime and punishment you will probably like this if only for the comparisons the intriguing question that the movie prompts is what is it that makes a renowned writer completely disregard his publiclyaproved ideas for another set the new ideas are quite opposed to the status quoif you are a conservative you will not like this movie besides other philosophical questions i must admit that the movie was quite aesthetically pleasing as well the grassy hillsides and beautiful scenery helped me get past the slow start also there was use of coloric symbolism in representing the mindstate of the main characters if these sorts of things do not impress you skip it overall i give this movie a,1
like watching a neighbors summer camp home movies indian summer is a sleep inducing bore eight alumni campers are barely introduced when unbelievably boring flashbacks begin for characters we know nothing about fine actors alan arkin and bill paxton are totally wasted in this film one campers observation that everything seems so much smaller than i remember it is repeated at least ten times enough to make you squirm the anticipated pranks are neither funny or original unless you think that short sheeting is a real howler this movie was a great disappointment considering the ample talent involved indian summer did not make me homesick just sick merk,0
spoilers spoilers well seeing as i am a major hlots fan maybe i liked the movie more than normal people would however this movie is still excellent it had tons of surprises and it gave some more closure to the series while i was sad that bayliss turned into a murderer the overall feeling i felt was satisfied,1
again were getting a melange of themes well covered by so many previous films the good and the bad son story courtesy east of eden the american marine hero story who doesnt consider himself to be one due to what he knows and the grieving wife potentially falling in love with another man storythe mere fact of those stories being that ubiquitous isnt so much of a problem though because theoretically they could still be better presented and dealt with each time around no luck this time though as all three of those threads ultimately fall flat all the sameas the bad son never really gets to talk to his father so that conflict is never resolved properly apart from the father kind of starting to appreciate the bad son thanks to the latter renovating the kitchen of the grieving wife now how satisfying is thatnext the surprisingly homecoming marine suspecting his wife of unfaithfulness conflict never gets resolved because he never really talks to the man under suspicion namely his own brother so once more were handed a loose end hereand finally the american military heroism hypocrisy theme where the marine is publicly considered a hero when due to the dirtiness of war he went through he shouldnt really be called one as to his own standards that third theme falls flat just the same because the movie ends right when for the first time hes just able to talk to his wife about what he went through where the real story would actually begin at that very point namely his process of recovery how that would look like and how he would finally face the family hed have some major guilt to admit to all that all the really interesting bits are passed over and getting ignoredso while story wise this film is a serious and i mean serious disappointment id still give it points for the impressive cast although no film should use maguire for a voice over because that belongs to spiderman especially a grown up gyllenhaal seems to fulfill all the expectations he aroused as a young and aspiring actor so much that id in fact love to see him entrusted with a really deep and demanding lead role of proper profileso while the cast really seems to do what they can i consider this film totally forgettable otherwise a shallow and ultimately pretentious utterly unsatisfying tear squeezer indeed message du jour to the writers we know the wounds already see the host of vietnam films you want to earn some credit show us a believable healing,0
i can catogoricaly and unequivocally say that in all my years on this planet that is the worse supposibly childrens film i have ever seen in my lifei took my three grand children to see it and even they were struggling to raise a smile during the all tortuous mins the sexual indendoes i will leave for another day but they were as tasteless as the film they should pay you to watch it not you pay them its truly truly awful there is no other way to describe it the people that made this film should be brought to task for taking money under false pretencesaplogise for my spelling mistakes but i am so upset that it spoilt the time i had with my grandchildren regards stephen,0
i have never seen this in the theater my second viewing was tonight on big screen dvd as opposed to old vhs tape from rental storesaucey for its time and im sure the hayes code was pushed to its limitshitchs pallet here is the game play between two combatants and yes if guy calls the cops on bruno right away the movie is min shorter hello people do you always make the best or most logical choice how many times have you been in either persons shoes and made the right choice for the love of god its called poetic licensehowever as guy sees the situation he has found himself in he takes it upon himself to rectify it he does not solicit help nor does he lie to his would be new wife her defense of him sets off the final show down with bruno feeling he has one more card to playfor the cop shotting an innocent person in precam corder days and before rules of engagement this type of thing did happen in the post rodney king world a presidential candidate backed the police in sending bullets at an unarmed man if you havent seen or witnessed outrageous police behavior your blind or have an application pending for the academenyback to the moviego watch it with try and wear a post wwii filter and pretend your seeing a great suspense movie like many did for the first time back then and sure its been copied since but your looking at one of the source of inspiration for many that followed,1
the last command is a silent film directed by josef von sternbergit shows us czarist general grand duke sergius alexander emil jannings in his days of gloryin he had all the power but after the revolution and the collapse of imperial russia he has nothinghe also had the love of a woman natalie dabrova evelyn brentabout ten years later he applies for a small part in a film about the revolutionhis old enemy lev andreyev william powell is the director who gets to choose whether to hire him as a film extra or notthe last command is very good silent dramaemil jannings does memorable role work in the leadevelyn brent is wonderful playing the woman leadwilliam powell is great as alwaysthere are plenty of scenes to remember in this movielike many scenes with jannings and brentand then there is the ending with powell and janningsthis is a movie that touches in many parts,1
having read the books and seen the anthony andrewsjaneseymour version i have to say that this is not good at allaccording to the books percy is supposed to be a seeminglyfoppish aristocrat when hes being percy and witty and cleverwhen hes being the pimpernel but here he just looks bored aspercy and mean as the pimpernel marguerite is supposed to bethe most beautiful woman in europe not a tired and frumpylooking matron she looks middleaged probably due tobad makeup richard e grant has done much better things andelizabeth mcgoverns acting is uninspired and flat the wit anddash of the books and the andrewsseymour film is here replacedby brawn and flashy editing that just dont make the cut i might add that to a person who hasnt seen any previous versionor read the book it would probably look ok,0
okay i didnt get the purgatory thing the first time i watched this episode it seemed like something significant was going on that i couldnt put my finger on this time those costa mesa fires on tv really caught my attention and it helped that i was just writing an essay on inferno but let me see what hasnt been discussed yeta twop review mentioned that tony had flights of stairs to go down because of the broken elevator yeah is a significant number for lots of reasons especially religious but heres one more for ya on a hunch i consulted wikipedia and guess what dante divided into levels purgatorio excluding antepurgatory and paradise the stuff at the bottom of the stairs and what tony cant get to on to the allegedly random monkslap scene as soon as the monks appeared it fit perfectly in place with tony trying to get out of purgatory you can tell he got worried when that christian commercial death disease and sin came on and hes getting more and more desperate because christian heaven is looking kinda iffy for him by the time he meets the monks hes thinking hey maybe these guys can help me which sounds like contemplating other religions eg buddhism and wondering if some other path could take him to salvation not that tony is necessarily literally thinking about becoming a buddhist but it appears finnerty tried that and messed up that slap in the face basically tells tony theres no quick fix as in no you cant suddenly embrace buddhism and get out of here tony was initially not too concerned about getting to heaven but at the conference entrance he realizes thats not going to be so easy for him at first i saw the name vs drivers license problem as tony having led sort of a double life what with the killing people and sleeping around that he kept secret from most people he feels free to have an affair with quasimelfi because hes kevin finnerty he figures out that he can fool some people with kfs cards like hotel receptionists but it wont get him out of purgatory those helicopters the helicopters of heaven are keeping track of him and everything he doesafter reading all the theories on infinnerty though it seems like kfs identity is a reminder of the infinite different paths tony couldve taken in his life possibly along with the car joke involving infinitis that made no sense to me otherwise aaaand at that point my brain fizzles out,1
did the first travesty actually make money this is another sequel along the lines of another stakeout that no one asked for but weve received it anyway the sequel is like its predecessor completely braindead its also pretty disgusting remember the dinner scene to think i almost felt sorry for ritter yasbeck and warden did they need the money that much,0
amazing one of my favorite movies way down at the bottom guess i can take some pride in not liking what the general populace tends to go for jackie mason is hilarious in this movie and sos randy quaid i can never get enough of his strongarm tactics just like in moving he was also notable in national lampoons christmas vacation love that guy,1
the actors were not believable the story was really weak total sap and completely predictable really disappointed in depardieu it was a shame that they did not focus more on the struggle of the canadian fight for independence we have seen this love story many times before only with better actors we had to wait for the last minutes for a small sense of drama the soundtrack was totally disturbing the underscore hit you over the head with sentimentality but really over the top the only thing we found ok was the fact that they let the indians speak their language and we found the cinematography of the indian village relatively realistic,0
i have loved one true thing since the first time i watched it in the theater and cried my eyes out i bought it as soon as it was available and have lost track of how many times ive watched itto me one true thing is the ultimate family relationship movie i love watching the relationships in the family change and evolve into what they end up being i can relate to many details in the movie my mother died of bone cancer so it really hits home with me maybe this is why i love it so muchi like the relationships between the children and their parents and the relationship of brother and sister but especially love the relationship between husband and wife to me it is truly beautifuli highly recommend this move to anyone who enjoys this kind of movie,1
my girlfriend and i are really into cheesy horror flicks especially ones with lots of unnecessary nudity when we saw the box cover for this movie at blockbuster we thought it would be a perfect movie for the night we began watching it already not expecting it to be great but thought it would at least catch our interest minutes into the movie we realized that the pace would not eventually pick up and that it was an incredibly boring movie we tried to get into it but the plot made very little sense even after reading the back of the dvd box over and over again the film was shot very dark and it was pretty annoying to try to figure out what was going on in each shot each violent scenes were very hard to make out and you never get to actually watch the violence youre expecting this is definitely a film without motive that was shot poorly and very drawn out each scene was about minute of the same thing and i felt i got the point after the first skip this film and rewatch another freddy or jason flick and youll be way more content,0
good sequel to murder in a small town in this one cash and his police lt buddy unravel a sticky plot involving a nazi criminal a philanthropic witch and a family of screwups and their wierdo helpers as in the original the viewer is treated to a nice little mystery with distinctive sights and sounds of prewar america go see it,1
vonneguts words are best experienced on paper the tales he weaves are gossemar silken strands of words and expressions that are not easily translated into a world of marilyn manson or jerry bruckheimer explosions his words have been treated well once before in the remarkable slaughterhousemother night is probably one of the three novels vonnegut has written i could take to a desert island along with slaughterhouse and bluebeardthe film version deserves a but the books are so permanently part of my interior landscape that i just cant do itsome of the scenes left out of the film are part of my memory,1
when i saw the trailer for this film i said out loud to no one in particular this film is going to bomb i also said that about the matrix and look at what happened there now i am not a box office guru by any stretch but i usually have a pretty good gut about what is going to be good and what is going to really suck in this case i was blinded by my complete and utter apathy towards david duchovney let me put it to you a different way i dont like his as a person from what i have read of him in interviews he is unbelievably premadonna like and he is full of himself considering all he has done is xfiles or as an actor playing god was a really poor film but he came off thinking that for some reason he deserved big bucks on the big screen but i am happy to say that even though those things may still be true about the man return to me is delightful and has its heart in the right place bonnie hunt has directed a beautiful story and she has told it with class and grace this is one of the most romantic films i have seen and even though it may seem to be a bit sad and maudlin in its premise give it a chance and you will be hookedit has to be said and this pains me to do so that the reason this film works so well is because of the story and the cast duchovney and driver are so wonderful and believable here that i honestly wanted to cry along with them there is one particularly powerful scene when duchovney comes home after his wife has died and he slumps down on the floor of his house as it always does the family dog looks to the door to wait for his wife to come walking in she doesnt and with his shirt collar still stained with blood rob duchovney tells him that she is not coming home ever he then calls the dog over to him and they seem to share a cry together the dog lets out a small moan and then rob cries and this is one of the most realistic moments of pain i have ever seen in any character in any movie you can feel his pain and at that moment i forgot i was watching an actor that i generally dont like and i felt that i was watching someone that i knew moarn the loss of his beloved this is powerful stuffanother strength of the film is the supporting cast bonnie hunt has combined an ethnic melting pot of irish and italian characters that share a common bond they share a pub called oreilleys italian pub that is a delicious name all by itself and heading the diametric scale of clashing cultures is carol oconnor and robert loggia these are two proud old men that love their homeland but love their granddaughter and niece i think it is respectively and that is the character played by minnie driver this scenario is ripe for comedy and hunt doesnt miss anything herebonnie hunt and james belushi also share some funny moments together as the middle aged married couple and belushi gets top points as he accepts humility gracefully and shows off his ample keg of a stomach for laughs with his family consisting of three or four kids there is very little time for him and the wife to have quality time and again hunt handles this with perfect elegance this is a wonderful story of finding true love knowing how lucky you are to have true love and the power of friendship and family return to me is a wonderful romance and even though i still dont have a great admiration for david duchovney i have to admit that he was perfect in this role and i could not picture anyone else playing his character he was sensitive and believable and the movie was good because of him not just because of him but he sure added to the flavourif you are a sucker for a good romance and you want a good cry then this is the film for you out of i will see anything that bonnie hunt puts out with her in the directors chair,1
ive seen mystery men cop a bit of stick in the press and with the general public take the imdb vote for instance but my overall feeling is that mystery men is more fun than most films definitely wittier than most socalled comedy films and very nearly cleverthe cast is superb greg kinnear is excellent as are geoffrey rush and tom waits kinnears limo scene with ricky jay is perfect spoiled movie star and he imbues his character with the right balance of comic book quality and realism to make him worki will admit the pacing is a little off in places and visuals are certainly very flash bang possibly to the detriment of further characterisation but at the end of the day this is high concept film making its about the little moments whats up tiger lily and there are so many great ones in this film to make it worth repeated viewing,1
in my opinion the ending is what completely ruined the whole thing the initial idea of having someone suddenly realize they were the son of god and the second coming was somewhat clever people started to believe him and his friends became the new disciples people went nutty demons were possessing people all kinds of fun of course then it all went wrong it was bad enough that they had to take on the impossible task of looking through a vast amount of writings to find the third testament in five days but then at the end it became this ridiculous humanist fantasy i wont spoil it but ill just say it comes off as if it were written by a teenager with a very limited knowledge of theology i hear they are making an american feature version of this story i just hope they change the eye rolling ending,0
police story brought hong kong movies to modern day cinemajackie plays a policeman who tries to catch some drug dealers and at the same time take care of a young woman from the bad guys and still take care of his relationship with his girlfriend selina brigitte linthe movie features plenty of stunts not only from jackie but also from other actors who are now in jackies stunt clubthree of jackies stunt members went to hospital during filming on the filmthe movie also have some incredible fights scenes like the car park fight and the shoppingmal fight ranks as one of jackies finestthe movie also won award for best movie and best action design by jackie chan at hong kong film awardseveryone who loves jackie chan andor martial art movies shud see this,1
i thought they should have called this movie whites instead of heights godawfulthe kind of film that makes people hate new yorkers people who are so self obsessed and think their lives are so importantgive me a break such a lily white cast that glenn close was the most ethnic character in it this film was crying out for someone real to come in and steal itand so they introduce get this a character even whiter than the rest of the cast i thought he was an albino at firstwhos supposed to be welshim still trying to decipher that accent intellectually dishonestthis movie is the kind of film thats able to fool so many people into thinking its worthwhile because it has the trappings of something more ambitious better to fill the theaters with mi than with this pretentious crapmust have been a better play because you cant fall off the floor,0
this unassuming fairly routine series deserves credit in the tv history books for two reasons it was the first to win an emmy award for best syndicated series and it was the very first show to come from the fabled studios of republic pictures known for its lowbudget but highpowered shootemups in the s and srepublic was one of the first hollywood studios to make a leap into the small screen which was still in its infancy but the studios tenure as producer of tv pulp fiction would be brief after this show they would later dabble with the other format that they were known for the adventure serial with commando cody as well as other series but like this one they didnt last longer than episodes also republic was in its last stages as a studio it would finish out its tenure in hollywood as rental stages for several revue studio series such as soldiers of fortune the original dragnet and kit carson before finally shutting its doors in anyway stories of the century wasnt that bad of an oater its calling card was tales based on authentic figures in western history mainly outlaws like black bart johnny ringo john wesley hardin the dalton bros and the like the late jim davis best known for his role as the ewing patriarch in dallas put in an amiable job in the lead role as matt clark a fictional railroad detective who has to contend with said outlaws played by veteran and soontobe veteran character actorstwo amazing facts here the incidents would take place in different time lines some in the s some at the turn of the century but clark never ages and also matt has the good luck to saddle himself with two lovely female detectives as sidekicks frankie adams played by mary castle and her replacement margaret jonesy jones by kristine miller the lone ranger could only wish for lady companionship you can only spend such time with tonto for so longstories of the century is a studio city tv production from republic pictures corp episodes were made during all of which are in public domain and on dvd,1
i have to admit ive caught this one a few times on the usa network theres just something about the well sheer stupidity of this flick which makes me want to watch it whenever its on yes youre right about the subpar acting the plot which only an seven year old could like etc but i cant help feeling sympathetic toward some of the actors then again a few of these actors signed up for the even more atrocious sequel,0
a wonderful free flowing often lyrical film that whisks you along ever smiling even if there are truly shocking incidents along the way one gasps at the way the women are treated and yet ultimately they seem to come through very well and it is much credit to all concerned that so many potentially disastrous scenes all work so very well this is possibly depardieus best performance certainly his most natural jeanne moreau performs outstandingly in what must have been a very difficult role to play and including vigorous sex scenes with a couple of guys at least half her age mioumiou is lovely throughout and again has very difficult scenes to play initially this seems a down and dirty misogynist rantromp but as the tale and characters unfold a much more tender and honest picture emerges in the end this uncompromising and daring film demands respect,1
burlinson and thornton give an outstanding performance in this movie along with dennehy although it is at first thought to be only about love it really goes down deeper than that the beauty of nature captures this movie placing among one of the best i have ever seen the horse scenes are absolutely fantastic any horselovers out there will love this movie,1
code is one of those scifi movies where the government controls who you are allowed to love and in fact will punish you if you try to procreate with the wrong person the haves and the havenots live in completely separate territories the powers that be can remove your memories etc weve seen this stuff before but thats ok no movie is original this kind of premise is always fun to contemplate unfortunately just imagining such a future is more interesting than actually watching code the characters are boring and rarely say anything interesting maybe thats commentary on a dehumanized future but its still dull to watch its sloooowat times the imagery is nice but usually coupled with its evocative soundtrack just looks like a glorified perfume commercial code also sometimes uses the kind of television camerawork that i find annoying you know two characters talk as the camera artlessly floats on one side two seconds later its floating on the other side of them in a vain attempt to keep your attentionmy friends liked this movie if they tried to get me to watch it again i probably would not do so unless they agreed to pay me,0
its telling that as of the entry of this comment no females have submitted a vote of any kind for this movie not surprisingly cheesy science fiction doesnt appeal to them quite as much if you like a good b movie and especially if you like to satirize them as you watch you will like this if you dont have fun watching bad movies this ones not for you,0
i absolutely like this film a lot it is not very entertaining but its a feast of bizarre and stunning images theres no dialog only some background sounds and noises if you are into something completely different and original and enjoy the obscure and bizarrethen you might like this work of art ik looks like a film made with the very first camera ever made in a time where strange humanlike beings live and perform their bizarre habits god has killed himself with a razor and gave birth to mother earth mother earth impregnated herself with gods semen after an act of fellatio and gives birth to a son flesh on bone what follows are inhuman acts of ritualistic torture rape and murder for purposes we do not knowor do we,1
send them to the freezer this is the solution two butchers find after they discover the popularity of selling human flesh an incredible story with humor and possible allegories that make it much more than a horror film the complex characters defy superficial classification and make the story intriguing and worthwhile if you can stand it definitely a dark film but also a bit redemptive,1
this film wont win any awards for greatness but if you have an hour and a half free and fancy a bit of light hearted entertainment then you could do much worse than watch thisthe cast are mostly young and pretty the script has some genuinely funny moments and the soundtrack is pretty cool too rupert penryjones as jake seems to have the most fun while laura fraser as justine is sweet likable and funnyi rented it because i like the series spooks that rpj is currently starring in and here hes young and buff and the perfect eye candy for a girls night inget some wine and some ice cream and have a chuckle,1
or viceversathis is a french film noir directed by an american film maker jules dassin who had to leave the country because of being blacklisted by hollywood thanks to huac the premise of the story is rather familiarone last jewel heist for tony le stephanois and his budsand so is the ending with everybody getting well no spoilers here for sure since this is the sort of film in which tension toward the ending is importantdassin filmed in realistic lighting in black and white on the streets of paris using actors and actresses who are not glamorous the engagingsometimes intrudingscore by georges auric nicely enhances the movie and will remind viewers of many a similar score from american film noirs from the forties and early fifties jean servais plays the hardcore consumptive lead in a fedora much as humphrey bogart might have played him tonys recently out of prison past his prime but still tough and decisive when he has to be his mind still sharp when focused the kind of antihero whose eyes water even though the tears will never falldassin plays the italian safecracker and wouldbe ladies man who knows the rules but gets carelessin film noir we are forced by the logic and focus of the film to identify with the bad guys often there are levels of bad guys the good bad guys we are identifying with and the bad bad guys who are out to do in our good bad guys and then maybe theres a really bad bad bad guy or two here we have remi grutter played by robert hossein a slightly sadistic druggie then there are the cops who are irrelevant or nearly so in more modern film noir the bad guys are not even good bad guys and they get away with it or something close to that in the old film noir which evolved from the gangster films of the thirties the usual motto following the old hollywood code was crime doesnt pay with every criminal having to pay for his or her crime before the end of the movieprobably the most impressive feature of rififi is how nicely the film moves along the plot unfolds quickly and seamlessly much the way the great film directors always did it directors like stanley kubrick louis malle and the best of hitchcock some have actually compared this to kubricks the killing and suggest that kubrick stole a little well directors always steal if need be and there are some perhaps telling similarities such as it being one last heist for the protagonist and having the girl gum up the works the similarities may go deeper because as this film was nearing its end i suddenly thought oh no the suitcase in the back seat is going to fly out of the convertible hit the ground burst open and all the money is going to fly into the air those of you who have seen the killing may recall what happened to the money near the end of the film which reminds me of another film with something bad happening to the money oliver stones u turn starring sean penn there the money in his backpack gets blown to smithereens by a shotgun blast ha ha ha getting the dubbed version of this film would be an act of sacrilege since the dialogue when there is some the heist itself is done entirely without dialogue about minutes worth is terse and easy to follow requiring only an occasional glance at the subtitles which by the way are quite utilitarian and guiding as opposed to having every word spelled outone other thing all the brutality is done as sex used to be done in film that is off camera a guy gets his throat slit we dont see it i kind of like this approach we dont have to see the gore you could almost let your kids see rififialmostcatch this one now and be on the lookout for a hollywood reprise starring al pacino and directed by harold becker coming out next year in which you can be sure that the violent scenes will be played out in full,1
a favourite of minethis movie tells of two feuding new york characters steve brodieraft and chuck connorsbeerywho both strive to be the main guy in the bowery in the late nineteenth centurybrodie and connorswere real peoplethough this is a heavily fictionalized account of their anticsbased on a playbrodies legendarydid he do it its still a cause of argumentjump from the brooklyn bridgefor which he became famousis shown here as happening around the same time as the spanishamerican wardirector walsh clearly had a great affection for the periodso beautifully recreated hereand it includes a wild rumbustious ragtime number from saloon singer trixie odbraya young pert keltonraft is at his slickest as brodieand beery shows again what a clever actor he wasas tough big hearted and at times quite touching connorspretty fay wray is the love interest both the boys are pursuingfull of life and energythe bowery moves at a fast paceunlike many early talkiesit is not an easy movie to findbut is well worth looking out for,1
the film is hugely enjoyable with a great cast and excellent direction by james eves the movie is entertaining with a very charismatic performance from stephanie beecham and everyone is perfectly cast james eves has a good eye for casting and directs like a conductor knowing exactly when to crank up the action fall and then rise to a climax he does this with an element of humour plenty of twists thrills and blood this is a return of the old vampire movie with loads of gore blood and screams the movie works at a great speed and the characters take you on a terrific adventurebut what makes it work is that the film doesnt take itself too seriously with plenty of tongue in cheek actiongreat,1
i too was fortunate enough to see checking out with peter falk at the phoenix film festival this is an extremely sweet character driven film that leaves the audience enthralled in the applebaums plight in life more than funny each character in the family contributes priceless comic relief that not only spurs laughter but inspires a few joyful tears as well peter falk was born to play this role he plays a ish young father of three who brings his adult children together in what could possibly be one of the most important times in his and their lives the day journey that the applebaum family takes though the delightful backdrop of new york with carefully selected characters not only leaves the audience wanting more but nourishes ones own sense of family checking out is a must see film not only for all those who cherish family but also all those who dont my thanks to the director who took the chance to bring this gift to its audience robin sly scottsdale arizona,1
i like british humor i believe its one of the best in the world i like almost every british sitcom okay maybe not monthy python some of the jokes were great but some of them i didnt understand but this league of gentlemen is just something good to make you sick this show was good in some way it helped me lost some weight because watching this piece of garbage make me feel im not hungry anymore this is really just disgusting sick and not even funny tv show and i wonder who is actually laughing at this stuff i watched it for about minutes and turned it off it was so disgusting watching men dressed in the woman with yellow teeth and urinating on the car i mean whats so funny about that it makes me wanna puke no humor just disturbing images and cheap toilet laughs i dont know if you like this stuff you go ahead watch it but to be honest people watching and enjoying this must have some emotional problems garbage,0
if you had asked me how the movie was throughout the film i would have told you it was great however i left the theatre feeling unsatisfied after thinking a little about it i believe the problem was the pace of the ending i feel that the majority of the movie moved kind of slow and then the ending developed very fast so i would say the ending left me disappointedi thought that the characters were well developed costner and kutcher both portrayed their roles very well yes ashton kutcher can act also the different relationships between the characters seemed very real furthermorei thought that the different plot lines were well developed overall it was a good movie and i would recommend seeing itin conclusion good characters great plot poorly writtenedited ending still go see it,1
a wes craven presents movie from directed by joe clayton and starring lance henriksen a group of scientists save a dying man they find by their desert stranded government outpost by injecting him with their experimental virus of course one of their colleagues goes overboard and the virus transforms the man into a near unstoppable monster with them trapped inside lance henriksen plays the morally offended researcher who leaves the project before all this but returns after receiving a call for help to save the man preunstoppable death machine mutationdeciding to combine two trips in one he brings his family along with him theyre going on vacation afterwards and proceeds to give them entry to the top secret government facility thus putting them right in the middle of the chaos within in case you cant tell this one relies on the viewer to work with it a little and put aside some petty see major and blatant detailsoverall though watchable with mild bits of enjoyment note the outpost is commonly known under the title mind ripper,0
tenacious d in the pick of destiny tells the fictional tale of the formation of the band tenacious d and their quest to find the pick of destiny a guitar pick with supernatural powers made from the tooth of satan himself played by dave grohl jb jack black and kg kyle gass joined together by fate must travel to the rock n roll museum and steal the pick of destiny to become the greatest band on earth the movie is hilarious and delivers nonstop laughs jack black and kyle gass work perfectly together having been real life friends and coworkers for over years the film is in part a musical all or most of the music was written and performed by the d all of the songs are new material and many of them are classic the soundtrack is definitely worth checking out this film will be mostly appreciated by fans of tenacious d but if you are not a fan of the d i still think you will enjoy the movie if you are a fan of the d then you must see this movie the acting isnt as bad as you may think and the laughs and crudeness never stop coming i highly recommend this movie to anyone looking to get their socks rocked off and laugh as hard as they have laughed in a long time look out for cameos by dave grohl ronnie james dio meatloaf ben stiller amy poehler tim robbins john c reilly and neil hamburger also stay tuned for an extra scene after the credits,1
this is the followup creation to better off dead in a competition better off dead would win handsdown but for star power one crazy summer outshines savage steves better script problems with one crazy summer ocs casting better off dead bod was cast so much better friendship ocs shows cusack giving hateful looks to bill murrays little bro trouble on the set more outrageous friends in ocs but more genuine friends in bod plot was good youll predict some of it but even the predictable parts go further than you think they could so even though this is better off deads ugly stepsister its worth a look see demi moore before the plastic surgery if for no other reason john cusack fans you gotta see it just to say you have if you dont like bobcat golthwaite im sorry i dont like him either but you cant escape him in this one at least he does a great job in the film doing a tribute to another movie monster editing needed help on the beach but for most part not much to complain about overall its good and funny but try not to compare it to bod or youll find it lacking sigh,1
while i agree with the previous post that the cinematography is good i totally disagree with the rest this is nothing more than a porno movie disguised as an artsy film showing little boys naked is not art and amounts to child porn steer clear of this dud stupid is what this film is,0
i should have known when i heard anne rice left the project that the movie would disappoint me i couldnt have predicted that years after its release just thinking about the movie still makes me angry the novels are amazing and while i understand much gets lost in the translation to screen this movie was a great big middle finger to her original work i hope one day someone tries again the right way starting with the vampire lestat they change the roles and looks of major and minor characters alike for no good reason they destroy lestats history the acting of the queen is exaggerated to the point of comedy but i just cant bring myself to laugh the charm and allure of the novels just isnt there the movie is a bad excuse to cram as many musicians and dark imagery as possible into one movie hoping the teeny goths of america would lap it up part of the appeal of the first movie of louis story is that he is caught between his humanity and his curse lestat is supposed to take over and display the magic and excitement of the vampire world thank goodness i read the books first or id have never touched them after this movie,0
island of death is not really a good movie by any standard but it is a curious one imagine if natural born killers had been made years too early as a greek eurotrash porn film thats what you get here the quaint story of a young sociopathic british couple cutting a deadly swath through the population of a lovely little greek islandill spare you a detailed breakdown of the plot its not really important except to set up increasingly perverse or violent sex scenes followed by disturbingly brutal murders often lovingly photographed for posterity by our charming young couple it could have been brilliant in its own sick and nasty way but insteadinstead i found myself impatiently checking the run time and chapter index to see how much longer the parade was going to last sluggish pacing and listless bland acting turn even vilest perversities into pablum and connecting scenes into an eternity of dull plodding ah well you cant win em all,0
spike lee has to be one of the most over rated directors i have ever seen he is the critics darling because he supposedly makes films with a message or he is just so bohemian in his approach that it makes critics that are waterlogged from formula hollywood films eat his stuff up just for being differentsummer of sam does not even do that well the cinematography and editing style is oliver stone and so is the narrative the plot is a lot like do the right thing the portrayal of guidos or for the pc set italianamericans of which i happen to be one is straight out of eddie murphys raw only eddie murphys impression of a macho italian guy picking a fight with a much taller africanamerican is much much more believable than the cartoonish broad italian caricatures shown here the john leguizamo character being a possible exceptionis there anybody who saw this movie that could not figure out how it was going to end up as soon as richie came into the film i could already see the fist in his face and the foot in his stomach i could already see him being accused of being the killer this character had the most integrity in the whole film so of course lee is going to show what happens to people that stand out in a crowd what a white bearded cliquesomeone please please give spike lee a lifetime pass to all the basketball games he wants so maybe he will be enjoying himself too much to pick up a film camera for a long time and we wont have to be subjected to his self important drivel and furthermore i wont have to see critics some of them whom i respect ohhhh and ahhhh to an emperor with no clothes,0
ronald colman plays a prodigal son while he is not a bad guy he is a bit flighty and hasnt done a lot with his life other than travel the world and have a jolly good time now that his latest venture in africa has failed hes on his way home to england his rich upper class father plans on tossing him out on his ear though thanks to ronalds winning style he is reluctantly welcomed back with open armsat this point there are two women in his lifeshowgirl myrna loy and rich girl loretta young who is already engaged how will all this work out and will ronald wise up and act like a responsible adultthese are the main themes of this pleasant little filmthis isnt a great movie and certainly wont change your life but it certainly is very entertaining and fun most of this is due to the always genial acting of ronald colman heck in the heyday of his career in the s he could have played in reefer madness or some other dreck and still made it entertaining and likable due to his charming persona his seemingly effortless style in this movie make it very easy to like him and its easy to see why both loretta young and myrna loy are in love with him in the film plus the writing is very witty and make this a nice romanticcomedy,1
heavens gate is not a masterpiece which apparently was what it needed to be upon first release to justify its great cost and more importantly the continued uneasy reliance of hollywood on the auteur model of filmmaking yet heavens gate seen today at last on dvd in a cut of minutes is a superb film it is a touch lethargic in pace but at least it is paced quite apart from the incompetence of construction that marks many films today there have been many films which deliberate in form have been severely damaged by being hacked down with no care for rhythm so the films become shapeless and confusing beyond this the criticisms leveled at the film have become in retrospect quite lame if the good guys and bad guys are too obviously pronounced for a serious film and yes sam waterstons mustachioed furclad villain is comicopera and not in the multileveled manner of bill the butcher from gangs of new york and yes the townsfolk do seem a touch fiddler on the roof on occasions then a few dozen serious films made since then including titanic and the graceless cold mountain which bears certain similarities and is a notable failure in convincing qualities compared to this film can be castigated for exactly the same reason also despite accusations the film has a plot quite a wellessayed plot at that it simply does not bow to standardform epic quality by providing titan heroes rafts of subplots and confusion it experiments with telling in a manner more like much smaller modest films by carefullycaught moments of character interaction and welltextured pageantlike explosions of communal action as with the opening at harvard and most specially the wonderful scene where the johnson county folk following the lead of a brilliantly physical fiddler make celebration on rollerskatesthe deer hunter was a critical and commercial success but abandoned the first halfs inspired mosaiclike accumulation of detail and i think in a manner similar to criticism of robert penn warrens novel all the kings men and its dictionary of jacobean stunts if cimino had not had such a strong grasp of the conventions of hollywood epics he might have made a special rare work of art based in honest visualisation of people within their milieu in contrast heavens gate succeeds in screwing its narrative momentum and tension upwards in a slowly expanding arc until the finale explodes whilst not abandoning the mosaic approachthe central romantic triangle for instance resists standard inflections a decent intelligent but psychically defeated man james averill kris kristofferson competes with a hotshot but identitychallenged young gunman nate champion christopher walken for the hand of a young madame ella watson isabelle huppert there is no selfconscious bedhopping no slaps in the face recriminations or typical sadsack moments but more a sad and distanced decision by ella to choose the younger man whom she loves less because he is ready to make the commitment ella emerges as the films true hero hupperts performance though initially awkward is really quite excellent balancing a dewy emotionalism with a hardhammered spirit attempting first to rescue nate and then mustering the resistance party of immigrants into an enterprising defence subsequently averill is stung into action as friends die indeed in the process of overcoming so many traps of clich and style heavens gate successfully and willfully throws off the defeated outsiderheroes grace note of so many s westerns and portrays an eventual vigorous cheertheheroes rallying to a compromised but still relished victory the social conflict of so many s westerns at last hardens into a fullyfledged war where capital attempts a crushing final victory over the miscreants who stand in their way suddenly they find a massed and morepowerful peoples army led by the man who played the thoroughlydestroyed billy the kid a decade before this is what led the film to be described as the first marxist western but really it simply deflowers a theme of the genre extant well before the s such various and classic oldschool works as william wylers the westerner and even shane tell awfully similar stories it is simply here that the romantic myth of the gunslinger has been replaced by the romantic myth of the peoples revolt in a spectacular exiting but realistic and thus chaotic finale the marauding cattlemens encampment is attacked ringed by dust clouds punctuated by fallen horses writhing bodies and gunfire averill puts his classical education to work finally by stealing a roman trick and bringing the cattlemen to the brink of annihilation before they are rescued by the cavalry another distinctly seditious touch but surely not so offensive after little big mans unrelenting depiction of native american massacres really its hard to think of a more heroically american vision of grassroots resistance the films only real dead spot stands as an unnecessary coda indicating averills eventual relapse a rather potted piece of tragedy despite then certain failings and a slow midsection heavens gate is a supreme piece of work a genuine attempt to create a contemporary western and a new kind of epic if one has to still join the chorus that reckons cimino was absurd in his behaviour on set and expenditure it is regretfully when today flops like the adventures of pluto nash and k the widowmaker see nearly a hundred million dollars sink down the drain and yet a tag of infamy still hangs on this film one ponders what exactly its grim death signified the attempt at original style the bawdy sexuality the very hardwon sense of detail the breathtaking rigor of the filmmaking and what is being filmed all throw into contrast what is sorely lacking in so much contemporary hollywood product,1
this movie was released originally as a soft x apparently with the explicit sex deleted later the producers relented smelled money and rereleased it with the excised scenes restored apparently only about minutes i guess since kristine was of age it was held against her and her promising career came grinding to a halt i guess its all in the timing witness pam andersons careerbut ronald reagan was in charge during kristines debacle we had not heard about nancy reagans affairs bill clinton and monica lewinski were in full swing during pams coming outthe sex is just icing on the cake both version satisfy this naughty musical is way above similar of others that were released at the same time,1
we can start with the wooden acting but this film is a disaster having grown up in ny i can tell you that this film is an insult to anyone who is familiar with the community or the people im not even a defender of the culture in any way and found this to be a hollywoodized piece of trash to fit its own fictional ridiculous culture presentation and language that anyone who watches seinfeld knows is inaccurate this is a colossal waste of time and even worse is not exactly interesting since the outcome is obvious and the scenes of confrontation are laughably bad who acts this way nobodythe writers name sounds israeli or something of that nature but it is clear he doesnt have a clue about the subject he is writing about looking at his bio it is shocking he lived in new york and wonder how much real connection he had with the community even mediocre films like a stranger among us are better and more closer to the truth than this dreck reading this guys credits its no wonder he has written scripts on all c grade films that somehow feature stars shocking perhaps he knows someone because this script is even below par for a bad dolph lundgren film,0
although this series and the mini film in particular were very important at the time of release i feel that the series as a whole was actually fairly poorly written with a weak cast the issues at heart are extremely well portrayed yet it is difficult to relate and understand the problems within the film when the acting and script isnt convincing enough especially when looking at the mini filmi also dont believe that this mini film or series has stood the test of time as now many of the scenes are quite laughable the issues are still crucial but boys from the blackstuff cannot fully aid the cause of understanding the problems in britain in the s,0
as with all the other reviewers this movie has been a constant in my mind after years i recall going to the library researching all that i could on this story i even wrote to the pbs station for more information despite all this all i was able to find out was that it was a story printed in a newspaper in the early part of the sfastward to after years of searching ebay for on a weekly basis and there it was a vhs copy of the movie there was one other bidder but i was determined to win this movie the losing bidder wrote me asking for a copy which i gave her despite owning a copy i still searched and searched finally finding a site that sold a dvd copy of the movie you can find it at,1
i never really watched this program before although it came highly recommended by members of my family funnily enough my girlfriend lives in hadfield the filming location and she pointed out a few landmarks when i first visitedthis got my interest going so i bought the st series on video and sat down to watch besides recognising some of the locations i found myself not in the least bit surprised once again the bbc were responsible for producing another example of the finest comedy in the world tlog easily ranks up there with red dwarf fawlty towers and monty python as probably the bestsuffice to say i am hooked on the program now the characters are superb and show unusual depth while retaining a scarily realistic edge the look and feel of the program is perfect and reflects the sometimes bleak feeling of the north no disrespect to hadfield which i have found a very welcoming and warm placei only hope that it continues its originality throughout its run which based upon the nd series which concluded its rerun in the uk last night it certainly iswell done the bbc,1
this movie is a fascinating example of luis bunuels storytelling abilities this is a comedy that is not a comedy and a social drama that is not a social drama even though i dont think it was particularly funny it made me laugh also despite the fact that you can never take bunuel too seriously the movie made think about religion and its importance in some peoples lives bunuel tells the story of a catholic priest devoted to his faith like no one else and the viewer witness what happens when the priests undying commitment to serve others is put to test as usual bunuels target is catholicism but i dont think he tried to mock the church as he often does at least i didnt take the film as a mockery of the institution i think he is trying to make an interesting point about how religion could be a nuisance in todays modern society not because faith in itself is bad but because people always mange to bastardize the concept message aside i think this is one of bunuels most clever works francisco rabal is superb as the priest definitely one of the filmmakers best movies,1
the thing i remember most about this film is that it used to air on local ktla tv ch during every christmas season during the mid to late s mainly due to the fact that the true story took place on or near christmas eve it was always a bit disturbing to see the hell that this girl goes through being the lone survivor of a plane crash in the peruvian jungle the graphic scene of this young girl pulling leeches out of her infected leg made quite an impression on this young viewer not quite the kind of christmas cheer i was used to seeing at the time definitely not a rankinbass production,1
this movie had an interesting cast it mat not have had an a list cast but the actors that were in this film did a good job im glad we have b grade movies like this one the story is basic the actors are basic and so is the way they execute it you dont need a million dollar budget to make a film just a mix of b list ordinary actors and a basic plot i like the way they had the street to themselves and that there was no one else around and also what i though was interesting is that they didnt close down a caf to set there gear and that they did it all from a police station arnold vosloo and michael madsen did a great job at portraying there roles in the hostage situation this was a great film and i hope to see more like it in the near future,1
i was first introduced to john waters films by seeing female trouble on ifc i was disgusted but for some sick reason i enjoyed it then i picked up the pink flamingos dvd in the john waters boxed set the movie is about babs johnson the filthiest person alive who lives in a trailer in maryland with her obese egg obsessed motherand her deranged son crackers in the movie you will see such sick sights as sex with chickens dragqueens people eating feces torture and all other sorts of random humiliation the film has a soundtrack from s rock and roll artists the only problem is that some parts of the film seem to drag on and can get a little boring i found female trouble a little more fun rated nc for explicit sex violence and disturbing images enjoy,1
sending the critters to space does seem like an entertaining idea but was there really any need for a third film much less this fourth one a film with brad dourif cant be all bad can it well maybe in this case this cheap scifi effort stars returning lovable klutz charliethe reliable don keith opper who is about to eradicate the last two remaining eggs of the critters species when ughterrence manntells him that hes about to break some sort of transgalactic endangered species law so at ughs request charlie places the two eggs in special holders inside a space pod unfortunately for charlie the damn thing takes off for space and hes trapped inside the smoke under his feet places him into hibernation stasis and he awakes years later inside a decrepitspace station as captain rick with fat cigar rude alcoholic malevolence and greedy to the core is blasting open the space pod trying to see what possible novelties are inside for possible sale or trade rick unbeknownest to him lets out the two critters who feast on his flesh you see rick and his crew found the space pod drifting and had intense dollar signs flashing in their eyes so they dock it ugh reports to themnow in a fine prominent position as counselorthat money can be made if they dock at a space station under the terracor organization once the crew dock they find that this station is in ruin with many corridors in bad condition but whats worse is the station computer angela angela is a real thorn in the side to the crew because she has been left unrepaired without proper maintenance for some time it takes some little tricks to get doors to open and close not to mention the elevators and computers brad dourif is al bert pretty much the impresario of computer functionsand is pretty much the real leader of the group for he is the most levelheaded and intelligent he seems to be a fatherfigure to ethanpaul witthornewho just wants to make it to earth to find his fatherthis story though doesnt necessarily reach its zenith bernieeric dareis primarily in the film to be a druggie victim for the critters to munch on in the film charlie after one critter enters ricks mouth and eats away at his throatyuk becomes the crews guide in understanding what they are fighting against the film has some elements i found rather confusingor for a better word ridiculousthe two critters grow in size quickly are somehow able to coordinate a ship for earth not to mention grow themselves to massive size in this laboratory in the space station the crew are able to tap into a log from a dr mccormickanne ramsay whose badge is found in a coat thrown to the side for which ethan discovers her access cardwhich shows signs that terracor was looking into creating a species to exterminate worlds and people knowing this bothers al bert who wishes to leave angela and her bleeding station for greener pastures things dont work out that way because wellmeaning charliethanks in part to al berts ancient colt kills a critter which had got on board but in firing several bullets hits major guidance systems in the ship so many repairs on in order but they halt them when ugh and his storm troopers dock at angela and prove they are not what charlie thought theyd be ugh is a changed man and charlie realizes that he is completely evil and his mission is to preserve the crites for purposes of a cruel naturerepresentation of corrupt corporate governmental types this betrayal is what changes charliehe has perhaps grown up a bita wee bitand now understands that some people just change for the worse charlie and ugh will come to a faceoff over those critterswill the crew be able to escape a space station which has set autodestruct this film really doesnt exploit the critters as much as the other three films i believe we can clearly see this as the true end to the franchise the first film was a hoota really entertaining romp but by the time this sequel cam around the critters just wore out their welcome the cast however do give the film a boost the critters do get to feed a bit but their plans of global domination is underdeveloped their role in the film isnt established to the greatest heights i said to myselfyou have this enormous space station with unfortunates trapped on board could you not take this idea and run with it sadly they dont,0
in fact parts of it i liked a lot it had some interesting twists but it just left me with a been there seen that feeling after all of the saw movies granted the ending was different from a typical saw but lets face ita group of guys unknown to each other or so they believe tossed together in an abandoned chemical factorybut then it loses something theres no intensity theres poor group dynamic theres no sense of urgencysome nice twists at the end and definitely worth a watch if theres nothing else on your plate but it just left me emptyit passed the time but it didnt satisfy,0
two years before he wrote and directed arthur steve gordon had a minor hit with his screenplay for this crackpot comedic vehicle for henry winkler then tvs the fonz a s college thespian and allaround jerk woos a coed and gets married without any employment prospects on the horizon to make ends meet he turns to the flamboyant world of wrestling eventually becoming a gorgeous georgelike celebrity turning likable winkler into an obnoxious goofoff probably sounded like an interesting idea at the time and a sure way to separate him from his television alterego but the jokes and situations are often wrongheaded and mean staged rather sloppily by director carl reiner particularly crude is a wincing bit involving herv villechaize of fantasy island putting the moves on polly holliday flo from alice as henrys beloved kim darby looks a little out of her elementparticularly when surrounded by all these tv hamsrendering the romance aspect of the script inconsequential from,0
with the exception of family this new season is worse than season one i cant imagine what they are thinking as a fan of horror can tolerate a lot of gore and mindless mayhem but this series gets worse with each outing i cant imagine how disheartening it must be for the actors and crew to go to work each day toiling to churn out such crap story is that too much to ask for character how can we give damn about the fate of anyone in these stories if we are not engaged who cares if they get carved up or whatever almost every episode ends with mindless blood letting going for gross out shock without any sense of revelation or conclusion or reason why we have been subjected to an hour of bloodletting even dantes effort this season had some disturbing sexist violence and wandered off to a pointless conclusion ironically the production values and performances tend to be up to speed while the content is utter crap i have great hopes for exec producers garriss valarie under the stairs but we shall see,0
made one year before ilsa shewolf of the ss blacksnake could have easily been called susan shewolf of the plantation and it probably inspired the producers behind the nazi sexploitation epics to go ahead with their more infamous films because the stories are identical a gorgeous horny head strong but stupid blonde woman degrades and kills many people under her control whom all hate her and want her dead sounds familiar director russ meyer and david friedman the producer behind the ilsa flicks are good friends and they started their careers together so obviously theres a connection there looking at blacksnake i cant help but think that russ meyer wanted to move on and do something else than his typical busty women epics because xxx movies were all the rage during the mid s and russ meyer films though filled with nudity and kinkiness and violence were never even close to real porn his films started to look positively quaint next to deep throat and other hardcore porno blockbusters meyer knew he couldnt compete with such films and blacksnake is sorta the end result of such a quandary in his career he obviously wanted to branch out into different uncharted territory but blacksnake bombed at the bo and meyer quickly returned to making vixen type of films that even if they still werent pornographic they were most definitely more overthetop than any of his previous filmsits no wonder blacksnake was a bo failure its just terrible trashorama jawdroppingly bad its a quasicampy take on slavery if you can imagine that the end result is jarring one minute were in typical meyer territory exuberant playful and silly and then the next minute super serious meditation on slavery and violence huh it just doesnt work the slaveryracism aspect is woefully mishandled and veers this movie in the true exploitation category but blacksnake is not as sleazy as ilsa she wolf of the ss and those kind of films so i imagine fans of the latter were disappointed by it which would explain the almost lack of interest in this movie from either exploitation fans or russ meyer fans meyer blames the failure of blacksnake because and i quote it didnt have enough breasts in it well im sorry russ but the film is just bad breast or no breasts but hes right though about the low breast quota except for anouska and the maid the films cast is male meyer replaces his usual bevy of buxom babes with throng of hunks with massive pecs in the form of anonymous black actors playing the slaves and the big david darth vader prowse and with anouskas right hand man around who is portrayed as a ruthless but clever gay man who enjoys the power he has over the men one can only wonder what meyer was really trying to create hereblacksnake stars david warbeck who is lusted after by anouska and her right hand man poor david he looks totally befuddled by the whole experience he did seem to have fun making the movie but you can clearly see that at times he has no idea whats going on and then theres anouska hempel shes a beautiful womanfor the s not the s with her makeup and hair she looks like a typical s brit pinup babe than a turn of the century dominatrix and her wardrobe is hilarious at one time she actually unzips her leather boots i didnt know they had zippers in those days but the character she plays is in itself really degrading no pun intended shes nothing but a cipher to the object of lust and scorn of every men and that woman on the island for example one night when david and anouska are getting it on her annoying slave driver walks in the room knocks david unconscious and tries to rape her groping her savagely the next day the slave driver is still working for anouska and the two act as if nothing had happened its totally ludicrous under any circumstance had her character been a real person anouska would have whipped the slave driver senseless and kicked his butt off the island or even killed him but the fact that the woman keeps him on her plantation after he tried to rape her is stretching the flimsy story and characters credulity to the maxridiculous details like this and the thoroughly startling blaxploitation angle makes blacksnake a strangely unpleasant but watchable movie watchable in the train wreck variety i just couldnt help but watch the film for the utter baseless aspects of it all the excellent cinematography sorta makes it easier to watch so this being an exploitation film i guess it succeeded in doing what it was supposed to do but blacksnake is mainly for russ meyer completists,0
for once a barbie movie that is good im and a embarrassed to say this but im hooked on these movies i hated barbie when i was younger but the movies i love shiver is so cute and ive fallen in love with him hes so cute as the polar bear and totally in love with aiden oh man im in love with shiver i love annika determination not to give up on hope and eventfully it works i love this movie and hopefully they will be other good ones barbie swan lake is other brilliant movie i would recommend this movie to children of all ages even boys because the movie is that good and im hard to please barbie and the magic of pegasus is a movie that is enchanting and exciting,1
this film an early william wellman has an important message particularly today it posits the notion that sometimes there are things more important than your own personal safty or wellbeing the film which has walter huston as the lead is stolen by the performance of chic sales as grampa hes the most completely drawn character in the film and a joy to watch youll recognize some familiar faces if you watch many movies from the s and s wel worh your time to watch if you get the opportunity recommended,1
i suppose the ultimate curse of attending the toronto film festival is your release date time table get messed up quite frankly im just happy fido got picked up for us distribution in any caseever seen shaun of the dead good how about lassie able to reconcile the two well if you can your name might be andrew currie canadian helmer of the first ever family themed zombie comedy or zomedy seriously thats what the press book in toronto called it though not as violent dry or british as shaun of the dead fido remains true to its roots a devotion to old s black and white television including both lassie and the infamous scifi pulp that was being pumped out during the periodfidos talented headliners carrie anne moss billy connelly dylan baker and tim blake nelson stand as a testament to the brilliance of the script the film explores all the implications of its premise a world where zombies have been converted to servants because of the sheer number of them due to a strange accident what would you use your new undead servant for a butler manual labor a pet unspeakable acts fido tackles all these possibilities in a sweet and surprisingly classy way with much thanks to the work of connelly as one of said zombies and young tv actor ksun ray who seems at times to be a better young elijah wood than the young elijah wood wasif youre expecting another shaun of the dead dont waste your time theres not nearly enough gore and pokes at the genre to satisfy you and youll just leave the theater bitter and depressed but if youre willing to take a look at what happens to shaun of the dead when it jumps across the lake youre in for a treat think of fido as the sensitive more often beaten up little brother to shaun of the deads rebellious loser and youre starting to get the drift if you like or at least tolerate zombies small children and loads of deadpan satire fidos the film for you if thats not the casewell you know the drill just hit em square between the eyes,1
this series is set a year after the mission to abydos in the movie stargate it explains a lot of the stuff that the movie neglected to mention such as how was the stargate activated without a human computer where did the goauld ras race come from how many are there the first episode has a retired jack oneill spelled with ls recalled to active duty by general george hammond due to an attack by the shut down stargate from apophis a powerful goauld who killed four men and kidnapped one woman we meet samantha carter a brilliant scientist who claims that she should have gone through the stargate the first time and is determined to go through now we find out that daniel got married on abydos and that there are hundreds of gate addresses that they can dial then daniels wife gets captured by apophis and becomes his new queen it continues in the second episode where general hammond announces the formation of the sgc which includes nine teams in which jacks team will be sg which consists of jack samantha and daniel they go to chulak a goauld homeworld to rescue daniels wife and another one captured at abydos named skara they get captured and just as apophis gives the order to kill them and many other prisoners a jaffa named tealc first prime of apophis saves them and goes to earth with them where he is made part of sg that was only the beginning of the adventure in the course of the show they have gone to the past and future gotten transported to alternate realities swapped bodies grown old met alien races which include a rebel alliance of goauld called the tokra in which samanthas dad becomes a member the asgard a cute little race in which we see thor most often hes jacks buddyand avoid global disaster by the skin of their teeth countless timesthe show was recently canceled but lasted ten seasons in season nine a new enemy called the ori came in flaunting brand new powers new dangers and bringing to light new mysteries surrounding the stargate and its creators the ancients season nine and ten also saw the introduction to two new characters ben browder as cameron mitchell the new leader of sg and claudia black as vala maldoran a female human from another world who brings a new sense of fun to the team very wellproduced interesting characters fantastic special effects and a subtle love interest between samantha and jack this one has it all a different way of travelling the galaxy and different kinds of adventures this is one show you dont want to miss unlock the gate and step through you wont regret it,1
victor sjostrom who is the grandfather of swedish cinema directed this stark existentialist film about atonement betrayal death forgiveness guilt redemption and the bleakest moments of the human condition he stars as david holm a no goodnick who responds to a moment of kindness by returning to his drunken ways only to later have to bargain for his soul with the driver of the phantom carriage deathunlike many silent films during the period the film is nearly absent scenes with overacting the pacing does becomes tedious with its overly familiar dickensian narrative however examining the film in retrospect and in comparison to others of its time its a very daring and unique film audiences of the time were not exposed to such subject matter and the cinematography is tremendous symbolic and accompanied by double exposure effects and multilayered flashbacks its a genuinely creepy and frightening film for youngsters for surewatching the film its easy to see the later influences this film had on swedish master ingmar bergman most of the great bergman themes are here on full display sjostrom of course later starred in bergmans masterpiece on alienation and loneliness wild strawberries this would be sjostroms final performance as an actor sjostrom based the script on a novel by swedish writer selma lagerlof of stars,1
i went into watching this movie knowing it wasnt going to be great but what i witnessed was to awful for words i dont mean to be harsh its just the movie was terrible overall it had bad i mean awful special effects the acting wasnt too bad but wasnt good either and sasquatch himself was like well not sasquatch in my opinion the best sasquatch movie is harry and the hendersons its not violent or horror but it has the best depiction of sasquatch at least its a suit and not some halfass cgi ripoff only see this movie if you are desperate or really appreciate anyone in the film or go watch boondock saints it is much better,0
the two most noteworthy things about i wont play are it won an academy award as the best tworeel short film of and it was directed by silentera leading man crane wilbur the plot of this runofthemill short is inconsequential the dialogue lacks spark while the acting is no better and no worse than that found in most warthemed hollywood movies of the s in other words its awful admittedly there are moments when i wont play is funny janis paiges totally artificial look and line delivery are precious but one laughs at the picture not with it,0
the key scene in rodrigo garcias nine lives comes when sissy spacek hidden away in a hotel room where she is carrying on an affair with aiden quinn find a nature documentary on television at which point quinn notes the contrivance of such thingsdisparate footage is edited into one scene predators and preys are thrown together in order to capture the momentall to force connections where none actually exist characters in the nine shorts that make up this film occasionally spill over into each others stories but none of them ever seem to really connect a woman preparing for a violent confrontation with her abusive father is later seen working in a hospital room where another woman is preparing for a mastectomy a man who runs into an old girlfriend in a supermarket and sees how his life should have been later hosts with his current wife a dinner party for an unhappy couple garcia arranges some of his characters in front of each other but none of the subsequent stories ever really build on what came beforegarcias first film the wonderful overlooked things you can tell just by looking at her also had a shortstory structure and overlapping characters but there were fewer of them and they had a lot more room to breathe and grow the gimmicky premise of nine lives that each of its nine stories is told in a single unbroken take in real time never allows the film to build up any real dramatic tension or momentum its also a fairly visually ugly movie interior shots are often murky and hard to watch while other scenesparticularly one where a girl walks back and forth between rooms to talk to her uncommunicative parentsare rendered annoying by the camerawork given that this is garcias third film and that he has a respectable history of directing for television the direction in this film is rather surprisingly amateurish like fellow filmmakerchildofagreatwriter rebecca miller garcia son of gabriel garcia marquez is focused on the writing and character aspects of his films often to the detriment of the filmmaking onesindividual scenes are touching and even affecting i did like jason issacs kissing robin wright penns pregnant belly and joe mantegna whispering lovingly to his wife as she slips into presurgery sedation and sissy spacek stealing a few happy moments away from her life with aiden quinn before brought back to it with a phone call from her daughter but the film unlike things you can tell just by looking at her feels more like an exercise than actual drama we are just watching people act,0
this movie has become an iconic standin for what is great about america fame is famous for its music and performances there are several standout actors singers and dancers including irene cara paul mccrae anne meara and the superb gene anthony ray the plot is not the movie it follows an interesting format but it all really ends in a kind of mushwhere parker succeeds is in pushing this movie into periodic overdrive with the extremely poignant sometimes beautiful and outright campy music score performancesthe films climax is a songdance fest of musiciansdancers score by christopher gore a wonderment to behold an interesting note about the magnificent and superbly talented anne meara sometimes talent must reside in the genes ms meara is married to one jerry stiller and is the mother of ben stiller,1
i hadnt seen this in many years the acting was so good as i began this time i thought great another movie i misjudged as a foolish young man but then the theme started to be clear and i felt the same waythis was hollywood the seat of glamor so the concept shouldnt be a surprise but it is so condescending a concept i feel as if i need to take a shower after watching it in brief it tells us that even physically ugly people can seem beautiful to each other and even feel attractivedorothy mcguire is likable as the homely heroine she seems to have been filmed wearing minimal makeup robert young is injured in the war and feels scarred his parents cant bear to look at him either he seems to have all his faculties and in part the notions of disability are outmodedherbert marshall is on hand as a blind pianist his character speaks is hushed tones and is omniscientthe best performance is given by mildred natwick as the owner of the title residence she is bitter and dour but not made of ice her story is much more interesting and believable than that of mcguire and young,0
not like i went in expecting a lot out of it but i was at least hoping for a fun dumb big budget movie this isnt even that this item ranks in the bottom half of all the vampire movies ive ever seen and believe me ive seen a lot of them bad acting zero characterization little to no thought almost nonexistent plot and that thats there you can drive semitrucks through the holes in sure it has action and is loud and has more action and more noise and blood and action these things alone do not make a good or even halfway decent movie beats me how some people can say this is the best vampire movie ever madeall i can assume is they havent seen many i suggest seeing near dark instead,0
i read reviews on this movie and decided to give it a shot im an open minded guy after all and ive given good reviews to some pretty bad flicks as the end credits rolled on this one i searched for meaning and something nice to say here goes this film was mercifully short thats all i gotokay okay the sets and visuals were well done and the music helped lend to the mood of asylum life but the film was painful to watch and the endless dialogue took away from the good bits i did find myself laughing at this film but the way you laugh at your best friend who just embarrassed himself in front of a large crowdby the time of the chicken dance at the finale i had just decided to tuck and roll with the film and let the bodies fall where they fall i dont know what could have salvaged this film the acting was not bad and it looked like it had a budget but there just wasnt any way to make it watchable not even the presence of beautiful bare breasts maybe i should have sparked a doobie or drank a lot of beer to get the full experience of the film either way im not watching this film again unless im really depressed then i can tell myself at least i wasnt in dr tarrs torture dungeon im better than those guys,0
ok now at first i thought this was going to be another cheesy romantic comedy which held back on the comedy but this wasnt i mean how could it have been with the fabulous amanda bynes staring in it she was amazing really funny is still stunning the boys in it were also extremely fit one major reason for going girls the plot is strongly based upon the shakespeare play twelfth night as it was extremely similar there was even a spider called malvolio which belonged to the malvolio like character the script was really well written and pulled together and it was very witty the football skills in it were also amazing it even made me think of playing football myself anyway to sum it up this is a light hearted film about young romance which gets very confusing go and see it,1
who doesnt love the muppets impossible it is to watch them without getting some kind of warm fuzzy feeling inside so i guess whats important is that this movie seemed to very successfully capture what makes the muppets so special i dont remember much about the details of the plot but the various moments and characters in the film i recall quite fondly in fact there was quite a nostalgic atmosphere to the whole movie but without being selfconscious in any bad way refreshing for someone who possibly gets too hung up on meticulous details and technique the magic transcends all that other stuff tis indeed what movies are made ofso how does the film achieve these things hmmm nice question stumped am i lets see really i feel like its quite simple the filmmakers believe in their material and dont take themselves too seriously in the process i probably wouldnt say the film has many truly inspired moments but it does have a certain life to it that funnily enough a great many real people movies lack a zest you really want to believe in these funny little people and their adventures they also have a certain innocence about them that makes them all the more endearinggenerally i get the impression that the people that made the movie just werent afraid to try whatever felt right to them at the time which gives the whole thing quite a loose feel kind of like a really accessible and enjoyable extended jazz session lots of talent little predictability and plenty of warm personalities coming through the cameos were of course a bunch of nice surprises for instance maybe i dont feel i have much to say about it because i was halfasleep when i saw it andor as i write this review anyway im sort of semirepeating myself here but i really liked the sense of family the movie had full of love i suppose you might say again a feeling of nostalgia comes to mind which not many films manage to achieve so effectively or effortlesslyand to repeat myself once more one of the films best charms is its very relaxed and welcoming atmosphere like the nathaniel hawthorne quote about happiness being like a butterfly so the muppet movie greatly succeeds partially by not seeming to try to do so same with beauty being best undiscovered or untouched or unforced or something like that anyway if that sounds sappy i also reckon it was pretty hilariousso all in all this movie was very funny touching and difficult not to smile along to plus it features lots of great music highly recommended to all humans both the young and the young at heart,1
ok even if you cant stand liza this movie is truly hilarious the scenes with john gielgud make up for liza one of the true romantic comedy classics from the th century dudley moore makes being drunk and irresponsible look cute and amusing and it is damn fun to watch the oneliners are the best,1
i totally disagree with the person who first commented about this movie to me this storyline is about a man with growth hormonal disorder trying his best to look for the love he is yearning for trying his very best to fit into the society who doesnt seemed to accept himhe then met someone who treats him with best friends love and was shown the way to receiving the love he always wanted to have the man who created all that happiness in returned received something important from the giant which is family and spouse loveand the comedy its just part of making the audience feel some laughter bugs at certain part of the showsand i must admit it made me tear a little,1
the first minutes of tinseltown had my finger teetering on the remote poised to flick around to watch something else the premise of two writers down on their luck living in a selfstoragespace bin was mildly amusing but painfully blandthe introduction of the character played by joe pantoliano the big deal movie guy that lives in the park and sleeps in a lavatory offered hope and i decided to give it a few more minutes and then a few more until kristy swansons introduction as a budding film director borderline nymphomaniac added a bit of spice her solid acting performance raised her presence above and beyond just a very welcome eyecandy inclusionultimately the obvious lowbudget impacts on the film with poorly shot scenes stuttured pace and slapstick handling of certain moments some of my favourite movies of all time have been low budget whithnail i being one that also deals with guys with a dream but down on their luckhowever for my money the actors save tinseltown from the terrible movie archives and just about nudges it into the could have been a cult movie archives i laughed out loud at some of the scenes involving joe pantolianos character in particular the penultimate scenes in the terribly clichd but still funny richbutscrewedup characters house where the story unravels towards its final momentsi can see how tinseltown was a great stage play and while the filmmakers did their best to translate this to celluloid it simply didnt work and while i laughed out loud at some of scenes and one liners i think the first minutes dulled my senses and expectations to such a degree i would have laughed at anythingunless youre stuck for a novelty coffee coaster dont pick this up if you see it in a bargain bucket,0
the only reason i am bothering to comment on this movie is to save you all minutes of your life and maybe your moneyi bought it exrental for it looked interesting so i took a chancewithin minutes of turning it on i realised id made a mistake the entire cast should be stored away until winter and then thrown on the nearest log fire where they could meet more of their kindas for the devin hamilton writer and director he should just be shot sadly this should have been done before he made this rubbishavoid this film if you see it in the shops run away,0
a beautiful woman a backwoods inbred monster man a super sweet monster truck a road kill zombie brother and friendsone anal retentive overly sensitive nerd and the other a foul mouthed adolescent slob throw them all together with a dash of jeepers creepers texas chainsaw massacre and road trip and youve got monster man a hilarious horrorcomedy outing that never sets out to say something its a simple straight forward laugh fest unpretentious and well made this horrorcomedy is at its heart a buddy flick this film offered some hilarious and sickening set pieces i highly recommend this to fright fans looking to be entertained,1
elegance and class are not always the first words that come to mind when folks at least folks who might do such a thing sit around and talk about film noir yet some of the best films of the genre out of the past the killers in a lonely place night and the city manage a level of sleek sophistication that elevates them beyond a moody catch phrase and its connotations of foreboding shadows fedoras and femmefatales where the sidewalk ends a fairly difficult to find film the only copy in perhaps the best stocked video store in manhattan was a rough bootleg from the amc cable channel belongs in a category with these classicsfrom the moment the black cloud of opening credits pass a curtain is drawing around rogue loner detective marc dixons crumbling world and as the moments pass it inches ever closer threatening suffocation sure hes that familiar cop with a dark past but dana andrews gives dixon a bleak stare and troubled intensity that makes you as uncomfortable as he seems and yeah hes been smacking around suspects for too long and the newly promoted chief karl malden in a typically robust and commanding outing is warning him for the last time yet dixon hates these thugs too much to stop now and boy didnt they had have it coming hoods dusters mugs gutter nickelrats he spits when that tough nut of a boss demotes him and rolls out all of the complaints the bureau has been receiving about dixons right hook the advice is for him to cool off for his own good but instead he takes matters into his own hands and what a world of trouble he finds when he relies on his instincts and falls back on a nature that may or may not have been passed down from a generation before right away hes in deep with the cops the syndicate his own partner dixons questionable involvement in a murder investigation threatens his job makes him wonder whether he is simply as base as those he has sworn to bring in like bogart in lonely place can he escape what he iswhen he has nowhere else to turn he discovers that he has virtually doomed his unexpected relationship with a seraphic beauty the marvelous gene tierney who seems as if she can turn his barren bachelors existence into something worth coming home to the pacing of this superb film is taut and gripping the group of writers that contributed to the production polished the script to a high gloss the dialogue is snappy without disintegrating into dated parody fodder passionate without becoming melodramatic or sappy and all of this topnotch direction and acting isnt too slick or buffed to loosen the films emotional hold gene tierneys angelic softfocus beauty is used to great effect she shows herself to be an actress of considerable range and her gentle kind nature is as boundless here as is her psychosis in leave her to heaven the scenes between tierney and andrewss dixon grow more intense and touching the closer he seems to selfdestruction near the end of his rope cut bruised and exhausted dixon summarizes his lot innocent people can get into terrible jams too he says one false move and youre in over your head perhaps what makes this film so totally compelling is the sense that things could go wildly wrong for almost anyone especially for someone who is trying so hard to do right with one slight shift in the wind one wrong decision or punch or most frighteningly due to factors you have no control over noir has always reflected the darkest fears brought them to the surface where the sidewalk ends does so in a realistic fashion one nitpick of an aside this otherwise sterling film has a glaringly poor dub of a blonde model that wouldnt seem out of place on mystery science theater how very odd but noir fans heck any movie fans who havent seen this one are in for a terrific treat,1
me my boyfriend and our friend watched this movie if thats what u wanna call it and we agree with the last person but we were stupid and bought the damn thing we thought it really was about diablo so we bought itwe hate it really suxz so beware do not buy this thing they call a moviewe would return it but dont no if anybody would want this stupid movieoh and another thing the shouldnt call it the legend of diablo they should of called it legend of azarand this movie is rated r this should not of even been not ratedwe think that diablo would be crying his eyes out laughing at this stupid moviethis is a movie that would have been done by a churchtheses actors are never gonna become nothing because this movie,0
i watched the world premiere of this on the starz action channel they call it vampires the turning the plot was a little confusing there is a voiceover in the introduction about an year war and i didnt quite understand the movie is about a young couple somewhere in asia maybe in china i dont think the movie specifies the couple has an argument and meredith monroe runs off and is kidnapped by a biker gang of vampires the boyfriend finds a group of vampires that dont kill humans and enters into a battle with the bikers a human group of slayers somehow get involved and the final fight sequence takes place during a solar eclipse this movie is not related to either vampires or vampires los muertos confusing but decent action four out of stars,0
can anybody do good cgi films besides pixar i mean really animation looked antiquated by standards and even by toy story standards or maybe they spent all their budget on hugh jackman whatever their reasoning the story truly did sucksomehow hugh jackman is a rat a rat that is flushed down a toilet yeah i know seems stereotypical but then the sewer mimicked the ways of london to an extent throw in a promise of jewels and an evil frog and you get a pathetic attempt at entertainmenti would like to say something entertained me maybe the hookup in the movie or maybe the happilyeverafter rat relationship but nothing did it had the talent but it blew up d,0
creepshow had a lot of potential they just didnt put enough time in perfecting it the stories were pretty cool and creepy enough but it was lacking its a good movie but after youve seen it once you might want to see it again this movie could of been better,0
the title of this movie doesnt make a lot of sense until you see it in operation because its the sound that a retarded young man makes while hes operating his imaginary trolley which is what he does all day and he is just one of many odd characters in this surreal at times tragic tale of a group of slumdwellers in japanthere are two drunks who trade wives theres a man with aspirations to be a architect and his young son who he sends out to beg for food theres a wise old man who seems to be the pillar of sanity within all that goes on around him and theres a businessman with some severe nervous tics that has a wife that treats him and everyone else like dirttheres no particular plot to this really its a bunch of stories that drift back forth between each other sometimes funny sometimes tragic all in all i thought it worked pretty well i had been dying to see this for a long time just based on its description i was not in the least disappointed and id definitely recommend this out of,1
the priyadarshanparesh rawal combo has been golden before with the likes of hera pheri and hungama so i went into the movie at an indian multiplex with high hopes especially after the slick promos unfortunately like hulchul before it this movie was a huge disappointmentlike others have commented the premise of the movie which was already stale to begin with just gets stretched on and on without any development or additional layering after a while you just want the movie to end so you can go home if i had been watching this at home it would have been much easier to cut my losses akshay kumars performance is average at best and john abraham should not try doing comedy again the comedy aspects of the movie overall were pretty week i only remember giggling like twice the entire movie definitely no sidesplitting belly laughs that consumed me in hera pheri or even to a lesser extent in awara paagal deewana paresh rawal had a few of his expected classic moments but overall because his role and character wasnt given much room to grow he didnt make much of an impact in this filmneha dhupia who makes only an appearance in the movie was fun to look at while she was on screen and some of the songs are fun especially the opening and closing songs of ada and kiss me baby respectively otherwise youre better off just passing on this movie,0
spinal tap was funny because if you knew a little about heavy metal you saw injokes all over the place if you know anything about porn this mock documentary will leave you cold everything in it rings falsespinal tap was funny because it took a familiar world and pushed it over the top this film is decidedly not funny because it paints a picture of how porn is made that bears no relationship to the real worldthe acting here is uniformly awful but that would not matter much if the core idea of the movie were good but its not,0
this film was not about stereotypes nor dance moves nor pickup lines really this film was about the vulnerability of peoples hearts it was hard to believe that kevin james could play in a convincing role that will smith could satisfy without action and that such a hackneyed genre of film could succeed in such a way i dont intend to sound overly endeared with this film it wasnt groundbreaking in any sort of way but it was a film worth seeing was it believable no new york couldnt be so simple and there has been no human being in the history of mankind that has the hutzpah of hitch sure there are barstuds but not ones that can get any chick at any time excluding those raking in seven figures of course the thing that worked best for this film was its true focus on the dramatic side of things not just on the comedy it was a funny two hours no doubt but it was also two hours that made you sit in your seat become immersed in the characters and smile,1
i am a fan of bad horror films of the s and sfilms so ridiculous and silly that they are good for a laugh so because of this its natural that id choose this filmespecially because with john agar in it it was practically guaranteed to be bad sadly while it was a bad film it was the worst type of bad filmdull beyond belief and unfunny at least with stupid and overthetop bad films you can laugh at the atrocious monsters and terrible direction and acting here you never really see that much of the monster mostly due to the darkness of the print and the acting while bad is more low energy badlistless and dullthe film begins with some young adults going to satans hollow to neck well considering the name of the place its not surprising when they are later found chewed to pieces duhdont go necking at satans hollow well there are reports of some sort of crashing object from the sky so what do the teens go yep throw a dance partya very very very slow dance party where the kids almost dance in slow motion so its up to the sheriff agar and his men to ensure that the teens can dance in peace without fear of masticationas for the monster its some guy in a gorilla suit with a silly maska bit like the monster in robot monster not exactly original and not exactly high tech to make it worse it makes snorting noises and moves very very slowlyso slow that even the most corpulent teen could easily outrun it how it manages to kill repeatedly is beyond meoverall too dull to likeeven if you are a fan of lousy cinema,0
i clerk in a video store so i try to see the movies were about to put out each week i dont have a problem with this in fact i sort of feel its a privilege not so with this film after an hour and a half of our hero whining and growling his way through scene after scene i was truly wondering if they planned to get to the point i felt like i should be getting paid for watching this at home in my free time and if id known there was another hour to be endured i might have given up right then i didnt care about the characters the filming was unremarkable and ford made kissing look like a chore even the score was incongruous and jarring what a waste,0
this is the first movie i have watched in ages where i actually ended up fast forwarding through the tedious bits which there are plenty of very ordinary movie im glad i missed it at the movies got a for video deal which included this movie instead,0
if you enjoy seeing what must have started as a hour movie in unconnected bursts of unwatchability youll love this film otherwise youll just wonder how they could have made such a film from something so simple to translate to the big screen as inspector gadgetin the previews for the film many scenes were shown which were not in the film and within the film some scenes just dont make sense while the movie is slightly less than hour and a half i can only think of one truly memorable moment and that is just before or during the credits,0
except for the brady variety hour this was some of the hokiest television ive seen in a while the video production qualities werent too bad but the overall look and feel were unmistakeably early s and marie osmond looks like she did battle with the avon lady and lost big time way too much eyelinerit was kind of embarrassing to watch veterans danny kaye and eric severeid take part in this even more interesting was watching alex haley talk about the african pavillion in world showcase that would be opening in about a yearas of this writing it is years later and it hasnt opened yet unless you count disneys animal kingdom all in all though for all the shortcomings this still an interesting visual piece of disney history,0
i confess to have quite an uneasy feeling about ghosts movies and while i sometimes enjoy the genre when it comes to horror but when it comes to comedies they really need to be crazy to be funny over her dead body seems to take afterlife a little bit too seriously and fails in my opinion from almost any aspect i can think about the story is completely unbelievable of course and did not succeed to convince me either in the comic or in the sentimental register the choice of the principal actresses was awful while paul rudd is at least handsome and looks like a nice guy the taste in ladies of his character seems to need serious improvement as eva longoria seems too aged sorry for him and lake bell seems too unattractive sorry again a romantic story without good enough reason for romance is due to failure from start jason biggs and lindsey sloane were actually better but they had only supporting roles the rest is uninteresting and uninspired with flat cinematography and cheap gags borrowed from unsuccessful tv comedies nothing really worth watching nothing to remember,0
this early version of the tale the student of prague was made in germany in starring paul wegener who was also in the golem a few years later in this film he plays a dual role technically impressive for a year old film to see them in the same shot after meeting a mysterious old man who makes a pact with him for gold the gold he needs to woo a countess hes previously saved from drowningmoving at a fast pace the film runs just over an hour and fairly well written and characterised the student of prague has echoes of the faust legend as well as dr jekyll and mr hyde starting as it does with a pact with a mysterious figure of potential evil and developing into good and evil sides of the same person,1
i have wanted to see this for the longest time james merendino is a great director slc punk is one of my favorite movies and in the first ten minutes of this film i thought that it was a great follow up after that though it begins to drag the acting and direction were terrific in fact everything in the film seemed to flow except for the script at times the only thing keeping my attention was the fact that in the cast was the most beautiful woman in the world claire forlani this film was good but i expected moreps look for great cameos by chi mcbride and chris mcdonald,1
its not awful but what a waste lousy gags bad music poor drawings and animationregarding the impressive number of animators and intervallists on this picture from hum a hundred different studios throughout the world come on how can you expect something coherent when doing an animated movie this way i wonder if one guy on the credits one drawing the lines are rough the d work inadequate im not against it but not in this film but the backgrounds are corrects the storyline is rather dumb far from the precise cleverness of the bd and obviously aimed at an international audience to distribute a movie all over the world doesnt mean to take everyone in the world for a simpleminded guy a cultural object is far more interesting when challenging even when it is a foreign movie being french in this case its even worsesome new stuff is doing well the olaf character sometimes like with the stone explanation but its not great but the modern references are exasperating music sms not even a verbal joke just a stupid bird named short message service does anyone know imagination but hey its a m tps production with some celine dion in it patheticasterix is underemployed and obelix talks too much goudurix could be great like in the book but he is too clearly a cool guy having a love affair with an uninteresting made up female character in fact only the vikings wizard excepted are funny too much action not enough laughs the best part of the movie are the end credits not the music but the few stills it contains bd style well definitely asterix is not made to move,0
i have nothing but praise for this movie and cast especially ann margaret but more importantly i have praise for my inlaws who were are the adoptive parents of warren and frank in real life i met most of the children at warrens wedding in this is an amazing story and is even more incredible to me knowing the family and what everyone went through it is also enjoyable for me to see how my inlaws were portrayed in the movie it was pretty accurate my wife even enjoys seeing some little details such as a toaster that she remembered from her childhood yes it is a hard movie to watch but so amazing and heartfeltthe beauty of this story for me is how many of the children passed through my inlaws lives and as a result of marrying their daughterand having warren as a brotherinlaw how many i have met in mine for the past years this story has been a part of my life because of what my motherinlaw has shared with me that and knowing warren for what it is worth warren lives in california with his family he married his high school sweetheart who he reconnected with at his year high school reunionthere was a show in the s called thats incredible they had a reunion of the family who also got to meet the cast of the showfor anyones interest the dvd is available in great britain and australia it is a tough video to come by here in the united states and i have not been able to find a dvd here yet,1
jeez this was immensely boring the leading man christian schoyen has got to be the worst actor i have ever seen and another thing if the character in the movie moved to america when he was ten or something and had been living here for over years he would speak a lot better english than what he pulls of here or to say it in my own language skikkelig gebrokkent but it is cool to see norwegian dudes in a movie made in hollywood it was just a damn shame they were talentless hacks the storyline itself is below mediocre i have a suspicion that christian schoyen did this movie just to live the dream as he clearly does in the film by humping one beautiful babe after another,0
rigoletto is verdis masterpiece full of drama emotion and powerful memorable music the maestro must have rolled in his grave when this bawdy travesty of his work was released with its needless frontal nudity and cheap copulating and its portrayal of the naive but principalled gilda as a horny ditz opera certainly can be adapted to cinema look at zeferellis magnificent la traviata but when a work is as superb as rigoletto it doesnt need cheap gimmicks it might even have been acceptable if the dubbed in music had been good but it is a mediocre rendering of the libretto with second rate sound quality at that,0
this is simply another bad chuck norris movie norris plays a cop on the trail of a twisted serial killer of women he put the guy away three years before but the guy somehow gets through the bars in the nut house hes in by using what looks like dental floss then the killer escapes in a cleaning van and drives it over a foot cliff and survives to spend time around a theater undergoing renovation irish jack ohalloran is the best thing in this movie but like in superman ii he doesnt say a word somehow thats supposed to make him more menacing ron oneal of super fly fame and steve james are wasted playing the citys mayor and norris sidekick respectively the film also contains the idiotic subplot of norris and his girlfriend having a child out of wedlock its so s when coupling norris serious acting turn with overthetop musical cues signaling every forthcoming scene in predictable fashion the film becomes a chore to sit through the buildup while searching for the killer in the theater is interesting enough with norris crawling through the shadows to discover the hideaway but the end fight is disappointing after beginning in such a promising way its yet another disappointment from cannon films and it plays like a movie made for television of stars,0
what ever happened to michael keaton what a great actor and he proves it in this movie this movie is actually funny and the reason why this movie is funny is for two reasons an excellent script and michael keaton this movie is one of the funniest comedies in the history of hollywood this movie is the ultimate spoof of gangster movies in this movie hollywood actually pokes fun at itself by using the the gangster movie genre as the basis for a truly original comedy the rest of the cast is funny too especially the supporting cast if you like to laugh and want to watch a movie that contains nonstop humor then this movie is for you,1
this movie is funny and sad enough i think that it is kinda true if you love office space then you will love this movie because it is another mike judge hit but it is nothing like office space i told every one to see this movie i only wish that it would have been in more theaters so it would have gotten the recognition it deserved i love this movie and would love to see more from mike judge luke wilson is also what makes this movie what it is i am so glad that i will not be alive in the year because if this movie turns out to be true we are all in for a lot of trouble i just hope more people see this movie because i know that they will fall in love with it too,1
was certainly a year for bad backwoods slasher movies friday the th and the burning may have been the best ones but there were like always a couple of stinkers not far behind like dont go into the woods alone and this one but in all fairness the prey is nowhere near as bad as dont go into the woods but its still not great either one thing is that its just boring and acting isnt very good but much better than dgitw and this movie actually has some attractive looking females to look at all three of the female leads were stunning one thing what is up with all that pointless wildlife footage it just seemed pointless and it looked as the director used that to just used that to fill up some time spaceso what was there to like about this movie well there were a few laugh out loud cheese moments i couldnt contain a fit of giggles when the final girl did a bizarre type of backwards moonwalk to get away from the kille and there were a few good kill scenes my favourites being the girl suffocated to death with the sleeping bag and the phoney lookingall in all the prey is dumb boring and the killer i didnt find scary at all this movie could have been a whole lot better,0
dysfunctional family goes home for the holidays and murder and mayhem result violent sexy milligan at his most home made little better than a home movie as much of milligans films are this is a trip into depravity s style notable for the copious nudity and sex this film is neither sexy nor gruesome playing now more as quaintthough decidedly r rated the film suffers from its uneven cast and from the cheapness of the productionno one was ever sure where the money went on his movies since he was always broke its a bad bad movie thats not worth seeing except as a milligan completeist or because its got some good looking people fooling around,0
being of cephallonian descent i was happily surprised when watching the movie i have heard the true history from my relatives that still live in cephalonia but when watching the movie and reading the book the sketchy bits of history were filled it is all true the italians would sing the oppression and the earthquakes that rock the island so often the earthquake in killed my great grandfather and the book and movie both portray the feeling of the era with great compassion if you havent seen the movie go and watch it and read the book it is not only a love story and yes there were plenty of italians in love with cephallonian women in fact boat loads of cephallonian women were taken to italy after the war it is a true depiction of history,1
dont be fooled by the silly title folks this is one sweet ride a true successor to tetsuo the iron man and ichi the killer this gem starts with a bang and lays the gore on thick until the credits roll it seems that aliens are taking over peoples bodies and modifying them into warmachines which are then used to fight each other in a twisted game for the amusement of their species the winner of the battle eats the loser alive thats mostly it for plot but who cares when the gore is this good i have no idea how many buckets of slime were used but its disgusting to behold there is interesting and effective use of stopmotion when the takeovers are in progress and loving care is lavished on all of the creature and makeup effects the cgi is a bit limited but that actually doesnt detract from the overall quality one bit at least for me this was truly a fun and stomachturning film that deserves much praise and has truly earned its place in the stack of cult classics find it and watch you wont be disappointed,1
the comparison is perhaps unfair but inevitable those attracted to the intimacy and depth of umbrellas will be slightly horrified to discover a cutandpaste musical in the american style awkward stilted dialogue with inexplicable songanddance numbers gene kellys french accent was apparently so poor that a dreadful job of dubbing was substituted as youll remember the dubbing was almost perfectly pulled off in umbrellas the translation of the french for subtitled versions as well leaves something to be desired although this cant be attributed to demy the film also has several selfaware moments that come off a wee disconcerting such as references in songs to legrand himself and the costumes well the tight pantswhite boots combination and the freakishly unnatural colors reminds one of an austin powers film but demy does reward the viewer with allusions to umbrellas note for instance the suitcase carried by maxence in his departure from rochefort this is the same suitcase carried by guy in his departure from cherbourg also note the convenient brunette of resolution madeleine in umbrellas and josette in young girlsgenerally speaking those expecting the natural feel of umbrellas save the floating bicycle scene or looking for similar deeper questions and ambiguous endings as in umbrellas script should probably pass this one b y those looking for a french version of a thin s american musical will be quite happy,0
when i first saw this film around months ago i considered it interesting but little more but it stuck with me that interest grew and grew and i wondered whether my initial boredom and response had more to do with the actual vhs quality rather than the film itself i purchased the criterion dvd box set and it turns out that i was right the second time alexander nevsky is a great film it is rousing and im sure it succeeded in its main aim propaganda against the germansthat is the most common criticism against this film and against eisenstein that it is merely propagandist and nothing else its untrue he is an amazing film artist one of the most important whoever lived by now the world is far enough beyond joseph stalin to be able to watch eisensteins films as art,1
i did not have too much interest in watching the flockandrew lau codirected the masterpiece trilogy of infernal affairs but he had been fired from the flock and he had been replaced by an emergency director called niels muelleri had the feeling that lau had made a good film but it had not satisfied the studyso they fired him and hired another directorthis usually does not work well lets remember the invasionbut the flock resulted to be better than what i expectedits not a great film but its an interesting and entertaining thrillerthe character development is very well done and i could know the characters very wellalsothe relationship between the two main characters is natural and crediblerichard gere and claire danes bring competent performancesnowlets go to the negative pointsone element which really bothered me there was a moment in which it irritated me was the excess of edition tricks to give the movie more attitude and stylethat tricks feel out of place and their presence is arbitraryplusi think the film should have been more ambitiousin spite of thati recommend the flock as a good thrillerits not memorable at allbut its entertaining,1
eyeliner was worn nearly years ago in egypt really not that much of a stretch for it to be around in the th century i also didnt realize the series flopped there is a second season airing now isnt there it is amazing to me when commentaries are made by those who are either illinformed or dont watch a show at all it is a waste of space on the boards and of others time the first show of the series was maybe a bit painful as the cast began to fall into place but that is to be expected from any show the remainder of the first season is excellent i can hardly wait for the second season to begin in the united states,1
i dont think ive really ever given walter matthau his due as a comedic performer hes certainly been wonderful in plenty of lighthearted roles but i guess i always put his success down to his characters grumpiness and ruthlessness a gruff contrast to the flamboyant personality of his frequent costar jack lemmon and i suppose a natural extension of his earlier work in dramatic pictures watching gene saks the odd couple adapted from a popular neil simon play the realisation suddenly clicked matthau is in his own right absolutely hilarious initially striking the audience as filthy crude and generally unappealing his oscar madison eventually manages to worm his way into our hearts culminating in a hilariously overplayed confession of emotions that matthau rasps out in a voice not entirely his own at the same time while holding his own as a comedian his interplay with lemmon is of course pitchperfect indeed the film rightly belongs to both actors who have never failed to light up the cinema screen by themselves let alone togethercalling to mind billy wilders screenplay for the apartment this neil simon comedy builds itself around around a rather morbid premise compulsive housecleaner felix unger lemmon having just been evicted by his wife of twelve years attempts to commit suicide but fruitlessly abandons the idea after he wrecks his back trying to open the hotel window dejected he arrives at the house of good friend oscar matthau a divorced slob who lives alone on a diet of potato crisps and green sandwiches that might contain either very new cheese or very old meat oscar kindly offers felix a place to stay but is soon overwhelmed by his friends finicky personality and constant insistence on absolute cleanliness the pair form an unusual sort of marital arrangement with felix assuming the role of the effeminate and constantlynagging wife and oscar as the sloppy unappreciative husband who always comes home later than hes supposed to this is a marriage that barely lasts three weeks and by the end of it we can completely sympathise with felixs exwife who remains unseenthe odd couple is a terrific comedy most of all because it has a lot of heart for all their arguing its obvious that the two roommates have plenty of affection for each other most movingly seen when felix tries to launch into a furious tirade instead perhaps inadvertently ending up informing oscar how tops he his the pairs four poker buddies john fiedler herb edelman david sheiner and larry haines are also constantly badgering each other about some obscure annoyance but you cant deny that theyve got the best of intentions their decision to treat felix as though nothing has happened to him may have sounded fine in theory but maybe being ignored wasnt quite the correct solution to felixs gloomy feelings of inadequacy and inconsequentiality unlike some comedies based on popular stage plays i was recently disappointed by wilders the seven year itch this film doesnt simply strike at the same chord throughout and the relationship between the two leads is progressively developed through tears laughter and much disagreement,1
i saw this film in the movie theater i was taking classes at the second city chicago and of course the buzz of this movie was intense it is a woodward film about one of second citys native sonseveryone knew about johns history everyone knew how he died some even knew that the lore did not make him out to be particularly friendly towards women in improv or comedybut hey the man led his life and he was loved intensely by the people who were in his world and lore also states that he treated all of his close friends with love and respectthis movie well forget the idea of poor michael chilklis who is a really great actor being in a really astonishingly bad film and really only relegated to doing an impersonation of the manforget the idea that they could not get the rights to any of belushis workand all the snl scenes never happened that they portrayed in the moviescrew the idea that half of the historical information in the film did not even follow bob woodwards work kinda saying okaywe are about to mess with belushinow lets go after woodward too they also decided to take the premise of its a wonderful life and turn it into its a horrible life on crackis he a guardian angel or the devil is the pinball machine the devils assistant electronic devicehow many different endings can you tack onto to a movie it is one of those movies after it is overyou look at the person you are with and in stunned disbelief go what the hell was that in some circles this movie has become a kinda cult classic but for good reasona good cult classic you sit around the screen and make fun of or throw out snappy one liners to the screen a cult film is never good and most people would never watch them in any serious contextif you want to watch some classic bad late s fair stoned rent wired if you want to know about john belushiyou can get more information off of the walls of second city chicago than this movie,0
the film quickly gets to a major chase scene with ever increasing destruction the first really bad thing is the guy hijacking steven seagal would have been beaten to pulp by seagals driving but that probably would have ended the whole premise for the movieit seems like they decided to make all kinds of changes in the movie plot so just plan to enjoy the action and do not expect a coherent plot turn any sense of logic you may have it will reduce your chance of getting a headachei does give me some hope that steven seagal is trying to move back towards the type of characters he portrayed in his more popular movies,0
when my yearold daughter and her friends get together for movie night theres one movie they insist on watching over and over again you guessed it k the third installment in the highly successful k franchise starring everybodys favorite tv dad jim belushifolks i knew it was possible to wear out a vhs tape but a dvd this has been played so often that its starting to skip no joke but of course youll have that when you own a film so charming so brilliantof course we have to thank the one and only tom hanks for introducing us to the beloved copdog genre with turner and hooch however even that film doesnt measure up to the sheer excellence presented in all three k moviessome naysayers say belushi ran out of steam with this third movie in the series poppycock i say while you might suspect that a third installment directtovideo at that may not seem like something worth watching youd prove yourself wrong after watching this quality moviei wont give away the plot but i will say that belushi and his panting partner give their best performance yet one that will have you howling with laughter its a shame john belushi isnt alive to see what great strides his brother has made in the acting worldi highly recommend your teenage daughter introduces this film to her bffs at her next slumber party dont forget the puppy chow,1
as a casual listener of the rolling stones i thought this might be interesting not so as this film is very of its age in the s to me someone born in the s this just looks to me as hippy purist propaganda crap but i am sure this film was not made for me but people who were active during th s i expected drugs galore with th stones i was disappointed it actually showed real life hard work in the studio so much so i felt as if i was working with them to get to a conclusion of this god awful film i have not seen any of the directors other films but i suspect they follow a similar style of directing sort of amatuerish which gave a feeling like the tv show eurotrash badly directed tackily put together and lacking in real entertainment value my only good opinion of this is that i didnt waste money on it it came free with a sunday paper,0
amidst all the many problems that make this a dire piece of celluloid is the stupidest plot device in recent cinema history richard gere determines who the jackals real target is through some form of revelation he does not work anything out it just comes to him when in doubt hes going after the first lady this film blows chunks,0
its one of the imponderables of lowbudget independent filmmaking that so many with so little in the way of real talent fancy themselves frightmeisters the paucity of talent evinced by these wonky wannabees is there for all the world to see case in point flight of the living dead or as i quickly came to know it shite of the living dead theres nothing wrong with paying homage to ones heroes ive done it many times over the years myself in many different ways in fact in the xlibris book the night riders cowritten with m kelley i dedicate it in part to the six writers whose work inspires me still richard matheson harlan ellison shirley jackson edgar allen poe hp lovecraft and robert e howard had it been a motion picture i wouldve dedicated it to the directors whose films have inspired me over the years very high up on that list wouldve been george romero its nothing less than a crying shame that the makers of this film werent truly as inspired by romero as their title suggests,0
one of the worst movies ive ever seen acting was terrible both for the kids and the adults most to all characters showed no little or not enough emotion the lighting was terrible and there were too many mess ups about the time of the day the film was shot in the river scene where they just get their boat destroyed theres shots the sheriff and dad in the evening on their boat jillian and molly in the evening swimming the rest of the kids in the daytime when its supposed to in the evening at the river bank and the doctor beatrice and simonton at night but not in the evening getting off their boat the best acting in the movie was probably from the sheriff cappy although theres a slip of character when the pulse detector whatever that thing is when people die it beeps shows cappy has died he still moves while it can still be heard beeping and while the nurse extra checks his pulse manually then it shows the pulse again and then he finally dies i guess its not going to be perfect since its an independent movie but it still could be better not worth watching honestly even for kids might as well watch something good like the lion king or toy story if youre going to see anything youll remember,0
this is absolutely the worst movie ive seen all yearfirst i will say that the acting was very good and by all of the castthis was apparently meant to be very offbeat and in that regard it succeeded by the same token the story revolves around a selfcentered wannabe who is a clueless talentless chronic liar whose source of self confidence comes from a pair of leather slippersthis was worse than watching a car wreck,0
this is a road movie at least the movie is in yellow anf i think that suggests a road movie i cant say much positive about the delivery its bad acting certainly their english camera looks like it is done by a kid theres a bomb with counter and suddenly a beetle is falling from the sky since it was so cliche we actually laught the whole time and that was the most fun of the movie this movie should be released in america but im not sure you should go because that might suggest that is the quality we produce the explosions look boring basically everything is over the top everything is just too much the yellow quality the sound the babe etc find all the cliche part in other movies put them together and you have the delivery,0
what makes for best picture material the oscars have come in for a lot of stick for rewarding overblown spectacles that have aged poorly and ignoring the auteurs who would be deified in decades to come it wasnt because hollywood was against art or creativity the academy awards are the selections made by the industry itself and that is why at least in the classic era they tended to reward the greatest collaborations the most sensational meetings of creative mindsthe arthur freed unit at mgm had been bound for oscarwinning glory for several years by this point it was only a matter of time before freed aided by his strongest director vincente minnelli and some the finest musical stars in the business would land a best picture freed had arguably done more to raise the status of the musical than anyone else crafting pictures which wove story and song together without losing the dynamic spectacle of the s musicals the point about freed musicals is that the lyrics of the songs unlike those of hammerstein or lerner dont have to tell or even relate to the stories whats important is that the tone of the song and the way it is presented fit into the structure of the filman american in paris was the first of three freed musicals the other two being singin in the rain and the band wagon which took existing classic numbers out of their original context and made them work in a completely unrelated story the words dont fit the plot but the routines fit the show so when gene kelly sings i got rhythm he hasnt even got a girl yet but the way its done with the french kids joining in is a great bit of characterisation and the upbeat tune and dance gives the movie the little lift it needs at this point an american in paris also uses the rulebreaking allowed in the genre to add little unconventional flights of fancy to tell the story such as the series of dances which accompany the description of leslie carons characterand what better director for this project than minnelli himself a painter and a pianist at this time there wasnt really anyone who had a better feel for technicolor while some directors would saturate each scene in one colour or fill the screen with clashing shades minnellis colour schemes are tightly controlled but never look forced in the opening scenes the tones are fairly muted but not drab and in particular there is an absence of red during oscar levant and georges guetarys meeting in the caf a few more vibrant shades are introduced then during the first musical number by strauss minnelli gradually brings in splashes of red a table cloth a bunch of roses until it eventually dominates as if the song has awoken the pictures colour scheme for most of the songs the colours are choreographed as intricately as the people however in some numbers such as tralala he keeps the shades the same and instead opens out the space as the song swells up and the characters become more animatedthe achilles heel of an american in paris is its story i personally find the romantic angle particularly unpalatable playing as it does like a last hurrah for the misogynistic love stories that reigned supreme in the s the headstrong independent woman gets rejected while the meek delicate girl is harassed into loving the hero even if you dont mind that it is difficult to connect emotionally with the story because it is constantly overshadowed by the songs and dances compare this to singin in the rain which doesnt really have as many great routines or memorable setpieces as an american in paris but it has a winning storyline singin in the rain was overlooked at the oscars yet it is regarded as a classic of the genre today but i think people sometimes forget that cinema is an allencompassing form of visual entertainment not just a means of telling a story an american in paris is not deep or engaging or tearjerking but like a certain demille picture that won the top award the following year it certainly is a great show,1
one of the funnest marios ive ever played the levels are creative there are fluid controls and good graphics for its time theres also a multitude of crazy bosses and enemies to fight sometimes the levels get frustrating and if you leave out some of the hard levels and still need to get more accomplished to fight a boss it can be annoying another complaint is the camera angle though it works fairly well most of the time it can be a pain in certain situations if your a big time mario fan this ones for you even if your not a huge fan of him id still recommend this one its a big game and getting what you need can take a while but its very satisfying good for playing in short bursts of time it will almost certainly hold your interest it sure does hold mine,1
i would like to say that curiosity got the best of me if only i saw a trailer id be able to tell you the whole plot of the movie i could have saved myself the most pointless one hour and forty minutes in my entire life and about twenty dollars this movie was a disaster waiting to happen and it is an embarrassment to hollywoodthe movie displays a vivid ignorance of reality for example this kids remote control race car goes all over the neighborhood and even enters this house its even covered with clothes is it not rational to believe that a remote can no longer transmit a signal under those circumstances hollywood obviously did not believe so common logic and any concept of electronics dictates the opposite i doubt the race car could even have reached the street let alone a house across the street another unrealistic trait is the lack of intelligence the criminals possess why is it in all these movies these criminals are rocket scientists until they encounter an eightyear old the kid is meant to be the most intelligent person in the movie instead of professional terrorists please theres more reality in the matrix also the leader puts down his real pistol and accidentally picks up a plastic pistol apparently he could not tell the difference even with a glove on one should be able to do that just because they look the same does not mean anything there is other senses then sight the traps are unrealistic as well if any one of them actually worked the criminals would be dead but hollywood intends for us to laugh at the funny results of the traps i did not laugh i sighed and rolled my eyesbut i recommend this movie to anyone who thinks they have seen a really bad movie the movie they saw will seem like citizen kane compared to this one otherwise skip this one for the sake of your pride home alone also raises a question we all know alex d linz stars in the movie but did he write it as well,0
ok imagine that every state in the us nay every country has exactly the same trees growing and ground foliage imagine also that a monkeytrappers camp so far off the beaten track you had to do the first half of the approach by river has a beautifully tarmacd perfectly straight road leading up to it imagine a world where you have to wear a full biohazard suit to collect a floppy disk then you just drop it in a ziploc bag and transfer it to your pocket with no precautions as soon as you get back to the office a world where two nineyear old girls are happy to give lots of blood without complaining this is the world this movie is set inon top of that its one of the most clichridden pieces of excrement its been my misfortune to witness in many a yeari liked it,0
i took part in a little mini production of this when i was a bout at school and my mum bought the video for me ive loved it ever since when i was younger it was the songs and spectacular dance sequences that i enjoyed but since ive watched it when i got older i appreciate more the fantastic acting and character portrayal oliver reed and ron moody were brilliant i cant imagine anyone else playing bill sykes or fagin shani wallis nancy if the best character for me she put up with so much for those boys i think shes such a strong character and her final scene when well you know always makes me cry best musical in my opinion of all time its lasted all this time it will live on for many more years to come,1
out of boredom and vast curiosity i decided to check this show out today since my four year old niece loves it i should have known that it was a show that only a four year old could like the show was pretty badfirst of all the show just wasnt funny the laugh track went off at the most inappropriate times which was very annoying especially since none of the jokes were funny the laugh track went off at some point when the one kid whos the cameraman said im going to go polish my lense how the hell is that funny the parts in it like meat drumming that were supposed to be funny was just stupid to anyone whos over the age of elevennow i have a feeling that four year olds are not the target audience however since i have a four year old niece who watches it this sort of thing concerned me while i was watching it it doesnt show very good behavior in the episode i was watching it shows sam stealing carlys sandwich and pushing her down to the ground just so carly can stand up and do the same thing back to her i would not want to see my niece acting that rude i also dont like the idea of two young girls having a web show where they give out personal information if this was real there would be freaks all over herthis show would probably be good and funny to someone whos eleven or younger but anyone older than that just stay away from it ill give this two stars since i guess i can see how it can be funny to a kid,0
this film was rather a disappointment after the very slow very intense and quite gory beginning the film begins to lose it too much plot leaves too little time for explanation and coming out of the theater i wondered what this was all about the characters remain shallow the story is not convincing at all most of it is dja v stuff without hints of parody and there are some very cheesy parts like the young cop has to do dig up a body of course its night and it rains and he has to do it alone yawn or the manifestation of the evil being nazis plus genetic manipulation wow thats really original there are some nice bits though like the fistfight scene mountain views and some running gags but though reno and vincent cassel do what they can thats definitely not worth it out of,0
may contain spoilersan innocent trailer park or maybe compton la white kid witnesses a terrible childhood tragedy relating to drugs and violence an unprofessional but dedicated police partners try to take down a sophisticated high end club drug ring only to be fired and chewed out by the the drug lords high priced attorneys the plot thickens as more people come back to seek vengeance and justice with a predictable ending the only memorable part was a walkon by ron jeremyif i was in a movie theater i would have asked for a refund i feel sorry for the poor actors in this movie it was just awful and painful to watch the worst part was the cinematography were the director kept flashing back within the same scene so the sound would not quite match and no it was not a codec nor dvd problem but an intentional technique ughh two stars,0
sunday would not be sunday without an action movie and when you want intense combat you turn to tom berenger platoonhere he plays a sniper in the jungle going after rebels and drug lords lifes a bitch so he gets a green office type billy zane to help on the missionthe film is in the hands of luis llosa who stunk up anaconda he doesnt do much better here but berenger makes the movie worthwhilesure it may be a little long who wants to see a lot of walking through the jungle but is is good tense action when the time is right,1
unlike other commenters who have commented on this movies ability to transcend race contrarily i think that this powerful film provides a complex and deep story that addresses institutional racism and the effects thereof washington directs fishers story with a careful hand and critical eye relinquishing this cinematic endeavor neither to dismemberment of womens bodies perpetuating unthoughtful stereotypes nor satisfying the expectation of the white gaze i think this film might be a bit too happy in the end however it is deeply entrenched in afroamerican culture and discourse to the point that some white spectators may get the feeling of looking into the life of this afroamericanantwone fisher i have problems with the naval aspect of the film but when we look at america there are not many choices or opportunities for black men who arewere in fishers situation or similar situations viewers may go to this movie expecting a black movie what is a black moviedo stereotypes of pimps whores drug dealers single parent homes and so forth constitute a black movie i think washington as director recognized that afroamericans and other people of color deal with human problems like abuse and displaced aggression to name a few these problems havehistorically and presentlyonly been given light and validity via good will hunting and other white movies its high time they were given the same recognition and validity as their white counterparts in and out of the mediasad to say though in this racist country denzel washington and derek luke will probably have to wait another ten years before they receive an oscar or anything else they both will have to wait until they direct or star in a movie that perpetuates the usual racist and sexist stereotypes to get an oscar that is to say denzel deserved awards for malcolm x hurricane and others before that jive training day oscar that is not to negate or push aside other great actresses and actors of color who are denied their due praise for ingenious work yet hollywood would rather send the message that racism and sexism and heterosexism are acceptable by perpetuating and even rewarding those stereotypes as they appear in countless films such as american beauty midnight in the garden of good and evil american pie and even gone with the windderek luke is a helluva actor and i wish him best all of the other actresses and actors gave superb performances hands down although i do take issue with denzels selection of yet another straighthaired lightskinned sistuh that said everyone should watch this film however it may not be for everyone much luv,1
i found it highly intellectual and artistic in every way i felt that the script was conveying all the things i feel physically and emotionally when i got home from work and watched it this is a tribute to cinema in the highest form and formatholy guacamole how i wish those days would come again i tried putting a bubble window on the side of my car honda civic but the vacuum formed muffin trays didnt quite cut it also in my civic sexual positions are limited and are not supported by water bed as is brilliantly depicted in the vanthe van is of the utmost side splitting hilarity and can even substitute for porn if you watch some scenes privatelyi highly anticipate that sam grossman the director has achieved his opusratings john sam,1
yes be my love was mario lanzas skyrocket to fame and still is popular today his voice was strong and steady so powerful in fact that mgm decided to use him in the great caruso lanza himself thought he was the reincarnation of caruso having read the book by kostelanitz who wrote a biography of lanza he explains that the constant practise and vocal lessons became the visionary caruso to lanza there is no doubt that lanza did a superb job in the story but the story is not entirely true blame it on hollywood i used to practise singing his songs years ago and became pretty good myself until i lost my voice because of emphysemaasthma ten years ago reaching the high note of be my love is not easy but beautiful,1
dull acting weak scriptworst spanish movie in yearsi wasattracted by the naked beauty of paz vega but as an actressshes useless you almost cant understand what shes sayingabout the story theres not much coherent to saywe heard of itbefore but as this is a modern carmen we find a few changes the french soldier is now a basque soldier merimee himself is a character in the story carmen is a dangerous bandolera in love with a famousmatador and she can speak fluent basquecan anyone understand this mess,0
caution may contain spoilersive seen this movie times ive liked it every time upon seeing it again im always reminded of how good it is an hbo tv movie very well done like most of their movies are this wouldve gotten oscars for its performances had it been released for general distribution instead of made for tvas im sure anyone knows from reading other reviews here this is the story of serial murderer andrei chikatilo he murdered people over years in the former soviet union victims were buried couldnt be found so he was only convicted of out of of his murders the story actually focuses more on the forensic analyst victor burakov played to perfection by stephen rea a man that becomes tortured and obsessed with finding this killer despite the additional obstacles placed by party hacks his part is essential to be sure there is a very touching scene towards the end of the movie that mentions how in america investigators are routinely taken off serial killer cases after months whether they want to or not due to the mental strain frustration according to this acct burakov worked for over years before getting his first break from it he followed the case to its conclusion years later in this scene his superior general fetisov played by donald sutherland actually tells him he admires his dedication and apologizes for not knowing he shouldve given him a break soonerreas performance is so well done he doesnt overact chew up the scenery or do anything that distracts from his portrayal of a man who is hell bent on finding his killer he is a man with passion but doesnt show it in the same manner as is so usually portrayed in detective movies he only occasionally gives outbursts after quietly putting up with more than most could stand under such circumstances rea does so much with his face his eyes he doesnt need to overact he just is his character so frustrated after so long at one point driven to frustration he actually says hed rather find at one time than none in a year of course what he means is not that he wants more people to die he just wants some clues to catch this man rea makes us feel for this man he makes us understand but a glimpse of what it is to live with such horror and futilitya mutant to be sure chikatilos childhood was one which produces such monsters the character of chikatilo is very well done by jeffrey demunn he somehow impossible though it may seem elicits some modicum of sympathy for himself perhaps he is the worst of us gone terribly wrong either way his performance is very well donedonald sutherland as colonel fetisov later promoted to general also does a great job he starts out seeming to be a cynical worldly official that doesnt seem much more interested in helping the investigation than anyone else blocking burakov but he eventually becomes more than just an assistant he actually actively participates in helping burakov there is also a very nice turn by max von sydow as the psychiatrist brought in to help profile and figure out what kind of deviant they are looking foralthough this movie deals with a morbid grotesque and violent story it really is more about what it takes to catch a killer than the killer himself all around a very well done movie with fine performances and a great screenplay the screenplay manages to do what the best of this type of movie does give factual events place them meaningfully inside a dramatic framework that makes you feel like you know the people behind the facts out of stars,1
im sorry but this is such a bad movie its hilarious football hooligans arguing in a travel lodge suits shades alan clearly had no idea what he was talking about when he made this it is as far from the truth as you can getthe casting was atrociousgary oldman as a football hooligan he doesnt look scary act scary or even come across as someone who would like football and as for yeti what the hell suits shades and sitting in a travelodge childishly taunting each other with its about time you got your nappy on pleaseand the yetis gang spraying the iccs underwear i dont see how anyone can even take this film seriously its possibly the most inaccurate portrayal of the crisis of the late eighties hooliganism i have ever seen,0
i have always loved old movies but this is one of my top ten favoritesit has all the charm s quaintness and good old fashioned romance and its hilarious to boot barbara stanwick plays an independent single woman who writes cookinghome life articles for a famous magazineunder the premise that she is a married homemaker even the president of the magazine is under this delusion enter a handsome gi played by the talented dennis morganjust rescued off of a raft along with his buddy his simple wish is to stay at the homey inn the she writes so eloquently about and relax with her famous homecooked meals she now has to frantically find a way to save her job and reputationadd to this that her fianc is in a hurry to tie the knot doesnt help the humor is superb and the chemistry between the leading characters a lot of fun throw in the characteractor nicknamed cuddles who fits this name completely it becomes even more adorable this has become my mustsee movie that i snuggle in with a cup of cocoa each christmas season a wonderful enjoyable movie to enjoy at christmastime or anytime,1
wowsheer brillianceturning a thrillersuspensehorror into comedyafter watching this i never laughed so hard at a horror movie beforea ridiculous plot with characters that were just insanely developed either not written in depth or too much depthif you want to watch an absolutely written horror movie with stupid dialog messed up plot useless scenes wasted characters bad sound and lousy development overall then this is the one to watchbe sure to keep focused for the classic food processor scene and the totally inept police investigation scenesthis is a remarkable new low in screen performance and writing and to sit through it for the entire duration makes you either stupid daring or brave,0
john boormans the general was hailed as a major comeback though its hard to see why on the evidence of the film itself one of three films made that year about famed northern irish criminal martin cahill alongside ordinary decent criminal and vicious circles it has an abundance of incident and style the film was shot in colour but released in bw scope in some territories but makes absolutely no impact and just goes on forever with a main character who threatens witnesses car bombs doctors causes a hundred people to lose their jobs tries to buy off the sexually abused daughter of one of his gang to keep out of jail and nails one of his own to a snooker table yet still remains a popular local legend an attractive enough personality for his wife to not only approve but actually suggest a mnage a trios with her sister it needs a charismatic central performance to sell the character and the film it doesnt get it instead its lumbered with what may well be brendan gleesons worst and most disinterested performance he delivers his lines and stands in the right place but theres nothing to suggest either a local hero or the inner workings of a complex character on the plus side this helps not to overglamorize a character who is nothing more than an egotistical thug but its at odds with a script that seems to be expecting us to love him and his anticstheres a minor section that picks up interest when the ira whips up a local hate campaign against the general and his men painting them as antisocial drug dealers purely because cahill wont share his loot from a robbery with them but its temporary resolution is so vaguely shot something to do with cahill donning a balaclava and joining the protesters which were expected to find lovably cheeky that its just thrown away things are more successful in the last third as the pressure mounts and his army falls apart but by then its too late to really care adrian dunbar maria doyle kennedy and the gorgeous angeline ball do good work in adoring supporting roles but jon voights hammy garda beat cop seems to be there more for american sales than moral balance overcompensating for gleesons comatose noninvolvement in what feels like a total misfire come back zardoz all is forgiven,0
but if you like the muppets i defy you to dislike this one basically the same plot regurgitated this time new york not la it features a lot of fun cameos and muppet hijinx a lot of the muppets leave the film pretty early on as it centers around kermy and miss piggy i happened to have enjoyed it greatly fun to watch with your kids,1
its made in and the cg is bad for a movie made in at one part in the movie there is a stop motion shot of a dinosaur that actually looks good but this just makes the extremely amateur work on the cg stuff look even worsethe writing acting directing and everything else in this movie is just terrible this is as bad as if not worse than raptor island and million bc pure crap again as with the other movies the only scary part about this movie is that it actually got made and is now being aired on the scifi channeli still cant understand how they somehow get people who do have some acting skills to act in these movies and then somehow get them to act as terrible as everyone else in the moviefor those of you who are unsure the other poster is obviously being sarcastic in his review or he is one of the people who worked on this movie,0
i was so disappointed in this movie i dont know much about the true story so i was eager to see it play out on film and educate myself about a little slice of history with such a powerful true story and great actors it seemed like a surefire combination well somewhere the screenplay failed them it was so scattered is this movie about his childhood his love life his own disability his speaking ability his passion for the disabled im sure there is a way to incorporate all of those things into a good story but this movie wasnt it i was left cold watching characters that were unlikable not because of their disabilities but because of their personalities other small gripes the heavyhanded soundtrack its the seventies we get it already if hes such a phenomenal public speaker why werent we treated to more than a snippet here and there and even then mostly in montages,0
i have seen this film only once on tv and it has not been repeated this is strange when you consider the rubbish that is repeated over and over again usually horror movies for me are a source of amusement but this one really scared medo not read the next bit if you havent seen the film yetthe scariest bit is when the townsfolk pursue the preacher to where his wife lies almost dead theyd been poisoning her he asks who the hell are you people anyway one by one they give their true identities the girl who was pretending to be deaf in order to corrupt and seduce him says i am lilith the witch who loved adam before eve,1
for a slasher flickthis movie is actually better than a lot in the genreyes it is predictableresident nut job goes on killing spreepeople dieyada yada yadahowever there are some good positives in this filmfirst offi really liked the mask the nut job woreit is definitely creepy to say the least and possibly uniquealthough i havent watched every single slasher film ever madealsothe genesis of the bad due is something i havent seen beforeand he way he finally meets his end is a novel conceptas far as i knowi also really liked the weapon of choice employed by mr sickofor most of the murdersthe murders themselves are not as graphic as most in the genrebut thata small concernthe movie does not take itself seriouslywhich is something most slashers suffer fromoddly enoughwhile watching the moviei was reminded of the early friday the th filmswhich did take themselves seriouslythere are a few concerns about this moviein several scenesthe killer suddenly bears a strong resemblance to one of our horror iconsby thisi mean his movements and his reactions upon being shotand also the way he walkedof bigger concernhowever is a scene very close to the endwhere mr crazy bears a more than striking resemblanceactually a complete rip offof another famous horror titanand in the very last sceneswe have our scumbagonce againlooking exactly like the st horror icon i mentionedin fact that last scene is almost a complete ripoff from another icon in the slasher genre these scenes were weak and unoriginalobviouslyby the waythe movie is set in australiaso if youre a sucker for a chick with an aussie accentlike meyoull be in heavenif you notthan it just might grate on youone other great thing about this moviebeautiful kylie minogouejust dont get too attached to herthere is one non aussie accentcourtesy of molly ringwaldoverallthere are more reasons to watch than noti enjoyed it and had some funsoi have to give cut which may seem too high to some people,1
buster keaton was arguably at his most enjoyable when he did short minute films and they dont come more ribticklingly funny than this gem the dead pan comic gets involved in a photographic mixup with a wanted felon this leads to his elaborate evasion of several street cops and fellow passengers who recognise the his face from the wanted signs the goat is chocabloc with brilliant site gags from the opening scene at the bread queue right up to the wonderful elevator chase at the end a keaton film never feels as though its silence is lacking as sound is never something you needed with him his movies explain themselves through the wonderful yet incredibly dangerous things he did to himself it isnt hard to see just how influential he really was the man is every bit as thoroughly amazing today as he was in,1
this was on at or so in the morning one saturday a few years ago for various reasons i dont remember the entire story but what remains are the two standout performances from the central characters dom has had a unfortunate lot manipulated literally working a rubbish job eugene torn between personal aspirations and duty towards his sibling tom hulce dom doesnt plead for sympathy it comes naturally ray liotta is a universe away from henry hill displaying a soft centre in what must feel a thankless positionin many ways this deals with the dilemma many young carers face the past or the future as it turns out with some work the two can happily coexist thoughtfully handled sensitively played dominick eugene is difficult not to warm to,1
this may be all you need to know in order to decide whether you want to see thisthe movie is bad really really bad and sometimes it seems to be aware of that and make fun of how bad it is it aligns cliche after cliche and even manages to grow worse as it goes along with some moments that are bad enough to be hilariously funnyif you can laugh about really poor quality in script writing and production values you might enjoy it otherwise prepare for some serious brain damage,0
first of all i would like to point out that this film has absolutely nothing to see with the dutch folklore story of the ghost ship that is also called the flying dutchman in this film you will not see a single sailing boat you will not see sailors ghosts or anything remotely exciting it is not the story of the ghost ship and i wish they had notified it in the main credits or i wouldnt have watched it because i really thought it was the film about the legend it seems many people think the film has to do with the legend of the ghost ship since the film is listed on the wikipedia page for the flying dutchman legend i dont understand why it is maybe based on the resembling legend called the wandering jew or maybe did they just adapt the worst parts of the legend the film begins with a fight sequence that would let anyone hope the film will have battle scenes unfortunately it is the only battle scene of the film then you see daniel emilfork who was krank in city of lost children for about two seconds and that would let anyone hope the film will have good acting unfortunately he is very bad in the film the same thing can be said about italian actor nino manfredi who was one of italias best actors ever and who here is condemned to embody a crazy bird wrangler with no back story whose only purpose is to seem to be the wise man of the film and boy does that film need wiseness every other character of the story seems to enjoy swimming in excrement yelling torturing others in excrement fornicating in excrement or laying in excrement some more just for the fun of it it seems to be such fun that each character of the story gets to have his or her turn being dumped in feces at a point or another coming from a dutch director you might think that extreme dirtiness and shockingly real filth are necessary elements in a period piece elements which contributed to make dutch filmmaker paul verhoevens film flesh blood such a great film the thought of flesh blood would let anyone hope that a film similarly filthy and visually straightforward would be good unfortunately and unlike flesh blood there is no dramatic progression no fights no good acting and put simply no flesh and blood the photography as the opening sequence unfolds is welldone and enticing this too stops very early in the film the music from nicola piovani of la vit e bella fame is repetitive and annoying when not irrelevant it sometimes implies that there is grandeur in a sequence while on screen the actors are splashing in liquid dung throughout the first act of the film which lasts nothing less than an hour the film takes place within the same perimeter which is around the farm where the main characters live the characters play with excrement a lot drown in it play in it a long period of time elapses through numerous ellipses to allows the main character a young boy who loves to play in excrement to become older and play in excrement some more the birdman talks a lot to say foolish things in italian spanish conquistadors speak french nothing makes sense everything is confused and takes hours to happen then there is a second act called the ship in which we see what might have been a ship a long time ago but which is now remains of a ship covered with excrement did i mention the main character while walking a bit further away from the farm just happens to run into it and decides its really cool so lets live in it the hunchback who lived in it before is trying to kill him but he doesnt really mind because did i mention hes not very bright he thinks the ship can navigate and hopes to sail on it until more conquistadors show up at least they seemed to be conquistadors because of the don quixote style hats but as ive said its really confused whos who make the dutchman a prisoner along with the retarded hunchback and they burn the ship to the ground the last part of the film which is really hard to bear for the spectator because it just consists of even more excrement with even more retarded middleage peasants fighting in it takes place in a mad asylum yet more torture and drowning each other with feces yet more loitering for the director who seems to have definitely given up on his job or passed onto the second crew camera assistant to do the rest of the job in the end a lot of the mentallychallenged new friends that the dutchman made die the woman he had sex with who was his brothers wife to begin with tries to have him meet his son the dutchman and his son talk the film ends after two hours of dungy images and calamitous acting and technical performances then the credits roll and the spectator fells immensely free from having to watch atrocious films with no plot that pretend to be something exciting like fantasy films based on legends while they are nothing but a mere catalog of how full of excrement some films can get when they dont have enough financing powers to put battles instead or even horses,0
whenever this film gets a mention usually the discussion begins and ends with the wonderful collection of cars and drag scenes often overlooked are the at times eclectic characters that populate the film around the three central charactersone character that stands out is rebel played by the great veteran australian actor max cullen rebel is a blind drag racer who nearly runs down the hero and his group in the middle of the night because he is not using any headlightsin the back story we discover that rebel master builder of street racing cars and he and his wife seem locked in a time warp of the s rebel goes on to play a small but pivotal role in teaching mike played by terry serio the almost spiritual truth about street drag racing it is not speed reaction times that make a great racer it is the one who feels the car best who will become the greatestthis is best exemplified as rebel explains to mike after a test drive you got all the agony just missing the stylegraham bond is another well credited actor lending his talents as a crooked police officer looking to get in on some of the financial action being generated by the street racing the confrontation between bond and fox played by richard moir adds tension to the story bond not only expects results but also fox to drum up racing businessfor most of the movie fox displays a real manipulative and evil side yet in the climax he presents a sense of honor that turns the final few minutes into an extremely tense and memorable ending it is almost as if the film is refocusing on its true intention to show us the culture of street racing rather than the day to day activities of peopleone of the major complaints about the film is the script although it is nothing exciting i believe the complete lack of any chemistry between mikes girlfriend played by deborah conway and his mechanic played by vangelis mourikis has more to do with the problem any scene in which these two interact simply should have been cutlastly in terms of the actors one truly standout performance is delivered by kristoffer greaves who plays a deaf and crippled member of foxs inner circle his back story is never explored was he injured in a race born that way what is it that fox sees value in to keep him around the reality of the film is simple it is about street racing and the culture behind it when the cars are flying and action sequences are in motion it is the only time director john clark and his writer barry tomblin seem really comfortable with what they are doingso if you are looking for an in depth exploration of human relationships moments of life defining drama then this film is not for you if your pulse races at the thought of a blown chev or the iconic gto phase blazing away on the streets of sydney then you wont find much better than this film,1
what a waste of a great cast figured id check it out because it looked like a good stoner comedy with a lot of fairly wellknown actors what it turned out to be was a pointless collection of boring intertwining stories about several characters with minimal connections with each other characters who start off looking like decent people but end up with not a single likable or interesting characteristic among them calling it a comedy was a stretch as wellthe only thing that made me chuckle was jack blacks song which was basically tenacious d i waited for something big to happen but ended up with nothing more than minutes of my life wasted,0
all films made before really need to be viewed with a sense of time and placein the lumierefamily men father antoine sons auguste and louis owned and managed a factory that manufactured photographic plates and paper not a small enterprise the factory had more than employees who received pension and social security benefits innovative for that time it was located at montplaisir in the suburbs of lyon france what caused louis lumiere to become interested in building a cinematagraph in remains open for speculation my suggestion is that the appearance of the edison organizations kinetoscope peepshow machine in paris during the fall of provided the catalystwkl dickson of edisons staff invented a motionpicture camera about the size of an upright piano that was patented in february it was electrically operated using power from from heavy storage batteries this massive machine pumped celluloid film strip newly developed by the eastman company past a lens at about framespersecond fps it was ensconced as an almost immovable object in the black maria essentially the first movie studio the kinetescope machines showed staged presentations less than oneminute longthat were filmed in this studioduring louis lumiere applied himself to the task of inventing a movingpicture camera he had determined that even at fps on celluloid film the persistenceofvision of the human eyebrain would allow for normal motion to be perceived his camera dubbed the cinematograph was about the size of a large shoe box and was provided with a detachable film magazine that provided storage for enough film to make a shoot last about one minute when it was had cranked past the lens at fpsthe size and light weight of the camera it could be converted into a printer or a projector by the addition of a light source made it portable enough that it could be taken to any location to record an event provided there was enough sunlight available in the spring of louis filmed trickriding by some cavalry men a house on fire with firemen arriving and dousing the engulfed building with water and a number of other scenes in and around lyon using a molteni bulb he turned the camera into a projector and presented his films to scientists assembled in the reception room of the revue generales des science the images were projected on a screen fivemeters distant from the lens the screen was stretched in a doorway between two rooms at a meeting of professional photographers that same year louis photographed the arriving delegates and the same evening showed them motion pictures of their arrivalwith accolades from both the scientific and photographic communities louis decided to have a public exhibition of his invention by the end of the year since each of his films would be about oneminute long he would need at least a dozen films to make a good presentation for one of these films he set up his camera at the entrance to his factory photographing the egress of employees at quittingtimethe public venue chosen by antoine who offered himself as the fairground barker for the cinematograph was the salon indien of the grand cafe on the boulevard des capucines in paris it was a wintry saturday night on december as the first audience sat they were presented with a projected view of the exterior of the lumiere factory with closed gates some were chagrined that they were just going to see a routine slide show of lumiere photographs but then the crank on the cameraprojector was turned and movement began louis had an innate sense for motion picture taking this film has a beginning a middle and an end in the beginning the doors are opened and people begin to leave their workplace during the middle the people stream out with many trying to ignore the camera and the cameraman as they seem to be happy to leave a day of labor behind them at the end the gates to the factory are being closedand this was the first film projected for the entertainment of the general public,1
the acting in the film is really well done honestly but the movie is so slow and so boring as soon as it gets interesting everything slows to a major halt i am glad to see sam rockwell in this he did a great job so did the other actors as i mentioned but man this is one of the worst dragged out films i have ever seen now maybe in a short film form this movie would be good but other than that avoid it this film has so much filler it makes a twinkie cake jealous i never ever walk out on films but watching this one at home with family i walked out yeah it was that boring apparently my comment doesnt have enough lines to post so heres some more filler i guess i was inspired by the movie i just watched,0
i watched dvd only the program proper may have minutes of good information otherwise its snotty putdowns of religious people its as if director brian flemming only recently discovered both atheism and sarcasm and feels with these tools he can easily bludgeon his oppositionalso flemming wanders extensively into his own personal issues and they take over the movie it never gets back on topicreligious people are prone to discount skeptics when their objections to religion are obviously rooted in abusive upbringings arguments from such victimized people seem irrational and therefore unconvincingantireligious people will want more data we dont need to be told that religious people are nutty any more than american jews need to be told how annoying christmas music gets by middecemberin the best scene the superintendent of flemings childhood christian school rather insightfully confronts the director on his motivations that seems like the most honest part of the movie and it was too shortif fleming were a bit more selfaware he might have a good story in him about his own past current relationship to christianity and the abusive institutions that indoctrinated him in his youthand perhaps he could lend his christ never walked the earth material to a more serious documentarian im not studying the writings of saulpaul to find out how airtight this all is but a quick browse of wikipedia suggests most of these arguments are discreditedthe bonus interviews are pretty good tho they dont bolster flemings thesis much sam harris is a good spokesperson for the antireligious pov and he doesnt go light on those other nonchristian religions harris also has some good and easily googled interviews on saloncom amazoncom and samharrisorg,0
this is a comedy of morals so occasionally a gentle touch of bitterness occurs but a lightness soften all sarcasm and irony flows till all of a sudden one moment will halt your heart and changes everythingthis film marvelously written and directed is a gem that shines perfectly with beautiful acting by all jeanlouis trintignant is exquisite as usual and romy schneider is a pearl perfect and glowing that is not to be missed a truly wonderful film,1
you would really need to remember the monkees and have a clear understanding as to where and how they fitted into the second half of the s in order to fully appreciate this moviethere is no plot as such basically its a crazy mixed up pastiche of various unrelated sequences but it is interesting and entertaining in its own peculiar way once you get onto its wavelength in short it was a classic cleverly conceived and well crafted example of late s experimental cinema it contains some good songs some ultragroovy cinematography and plenty of other worthwhile ideas in terms of film techniquei give it out of for several reasons first it took a lot of courage to make such an unorthodox movie in the commercial mainstream where both its stars and its producers were firmly ensconced at the time if a feature movie flops at the box office the consequences can be dire for all concerned secondly it was for the most part a creative success and finally as already mentioned it is unquestionably a classic of the genre and as such it is now historically importantunfortunately head came too late in the monkees career but there again they would not have been allowed to make it earlier on because it was essentially a very pointed and cynical satire of their own image clearly the members of the group knew only too well that the whole monkees juggernaut had just about run its race when they started work on this project in a way it was to be their swan song and they were determined to let it all hang out they were tired of being treated like mere pawns in the high powered corporate game in which they had been manipulated and exploited over the preceding few years in short they wanted out and they were going to say a few things before they lefthistory however has vindicated the band let the critics be damned the monkees left behind some of the best most polished and successful pop records of the decade yes they had plenty of help but at the end of the day they stood in front of the studio mikes they fronted the movie and tv cameras and they did the concerts they were fun and just a little bit crazy but unlike some of their contemporaries they were never threatening you could safely introduce a monkey to your elderly aunthead probably borrows a bit too heavily from the beatles hard days night but its still worth another look for those who were around at the time or for younger retrophiles who have the ability to appreciate its significanceenjoy,1
ive got as much testosterone as the next bloke and raquel welch at her finest is certainly worth a look but the fact is that a cardboard cutout could act better and an hour and half of ms w showing off her considerable assets does not a movie makeconsidering the cast its surprising that its as bad as it is ive never been a big fan of wagner and his tough guy harry is about as convincing as a dollar bill godfrey cambridge and vittorio de sica both of whom i usually enjoy seem to be sleeping through their lines and as for edward gwell i can only assume he was there for the paycheckthis film is a mess from nonexistent plot through stopstart action and unfunny script to puerile slapstick and annoying s caper music if it werent for miss welch id have given it a that said she is a treat to the eyes even better than her delicious cameo in bedazzled and for that reason alone i gave it a,0
this film is about a woman falling in love with a friend of her boyfriend from then on she has to divide her time for the two boyfriends jack during the day and joseph during the nightthis film feels like as if it was made with minimum budget the majority of the film is set in a flat with minimal furniture there are only three main actors all the other actors listed in the credits make only momentary appearances the wardrobe designer doesnt seem to have much to do as the actors wear very down to earth clothes and actually most of the time they are naked anywaythe film is very dialog heavy which should have made up for the shortcomings described above however the dialogs sound too composed and awkward in the beginning of the film most of the dialog is a person saying a very long sentence and then the person says me too after the frenzy of agreement the dialog descends into a mess of disjointed and confused word saladthe only merit of this film i can think of is that it serves as a feminist outlet which conveys that it is not just men who can be unfaithfulthis film is a great disappointment,0
most definitely the worst columbo ever dreamt up no murder and the abandonment of the tried and tested formula makes this a real drag falk looks bored throughout and so will you be if you waste anytime watching this,0
what can be said really the tenant is a firstclass thriller wrought with equal amounts of suspense and fullblown paranoia its an intricatelyplotted filmevery detail seems included for a reasoneven though the plot seldom makes sense and much of it is never even addressed in an objective manner therefore we are left with the increasingly unstable trelkovsky polanskia meek polish man who has obtained an apartment due to the previous tenants suicideto guide us through a world of escalating fear and uncertainty after an apartmentwarming party thrown by a group of obnoxious coworkers trelkovsky comes under increased seemingly inexplicable scrutiny by the fellow occupants in his building the rest of the film chronicles his mental deterioration and gives us a thorough mindfuk on par with the later efforts of david lynch the tenant however is more brooding and sinister laced with unexpected comic relief fine performances and a truly haunting score its a movie thats better experienced than described so hop to it,1
i was browsing through the movies on demand and saw underdog for free and it was only minutes long so i decided to watch it i wasnt expecting much but it exceeded my expectations of being awful everything about the movie was cringe worthy the dialogue was atrocious including many terrible puns the jokes were also terrible i found myself yelling and flipping off my television screen while i was suffering through this trash it hit its target audience very well but i dont see how anyone else could enjoy this film it made me very angry and nearly cry because of everything terrible this film had going for itthe only enjoyable thing about this movie was being able to give it a after viewing it i beg you to avoid it at all costs i understand the fact that its made for kids but there is nothing likable about it at all,0
this film coincides with mike allreds comic book miniseries red rocket seven and tells the story of an alien who escaped to earth to wait for astroesque which ties into the book of revelations and the apocylpse this is only part of a bigger story if the movie confuses you read rr too you can easily tell that allred is used to telling stories with pictures the direction is very good and the effects arent bad for a budget unfortunately mike used many friends to play the roles and probably didnt have the heart to say that they couldnt act also mike is not showing his writing skills in this movie his dialouge spoonfeeds the plot to you and doesnt let you enjoy the characters this was actually disappointing considering his tremendous writing ability shown in his comic books out of,0
i really liked this summerslam due to the look of the arena the curtains and just the look overall was interesting to me for some reason anyways this could have been one of the best summerslams ever if the wwf didnt have lex luger in the main event against yokozuna now for its time it was ok to have a huge fat man vs a strong man but im glad times have changed it was a terrible main event just like every match luger is in is terrible other matches on the card were razor ramon vs ted dibiase steiner brothers vs heavenly bodies shawn michaels vs curt hening this was the event where shawn named his big monster of a body guard diesel irs vs kid bret hart first takes on doink then takes on jerry lawler and stuff with the harts and lawler was always very interesting then ludvig borga destroyed marty jannetty undertaker took on giant gonzalez in another terrible match the smoking gunns and tatanka took on bam bam bigelow and the headshrinkers and yokozuna defended the world title against lex luger this match was boring and it has a terrible ending however it deserves,1
well groomed well behaved teen meg tilly must spend the night in a creepy mausoleum as an initiation into a high school club problem is a powerful psychic named raymar was just buried there that day but he isnt quite dead and he needs the life force of humans for his powersobscure horror film offers plenty of thrills and chills an appealing and likeable cast and most superior special effectsmy rating out of one dark night is rated r for violence and adult themes,1
here is proof of why mary pickford was americas sweetheart in this rather complex drama mary plays the young daughter of a squatter that dare to dream of a relationship with the son of one of the hilltoppers the scenes where they steal a kiss and otherwise fall in love are simply delightful she is even willing to take a bath that mary could pull this role off at the age of is simply amazing and somewhat due to her diminutive stature tess must face numerous physical and emotional challenges she does so with spunk not seen in many heroines of the time tess packs a wallop and is not shy about fighting with anyone why she agrees to help the hilltopper daughter is beyond me but she sacrifices her own happiness in order to keep a deep secret pickfords close ups are wonderfuldanishborn jean hersholt is simply wonderful as the villain the scene in which he manhandles a small baby is enough to make you throw vegetables or whatever at the movie screen if forrest robinson who plays daddy skinner had worn a beard he would have been a match for the model used in those world war i recruiting posters of uncle sam wants youalthough the story is somewhat predictable and slow in the beginning it is worth the investment in your time to see the piece or pure americana the film highlights choices available to us all involving making someone else happy and what it is to be a real christian recommended,1
there is good there is bad and then their is the sentinel a bottombarrel political thriller that ranks among the worst movies i have ever seen the plot of a mole in the secret service is a good one but never has a movie with so much potential been so utterly butchered directed with hamhanded edginess by clark johnson every actor in this film seems to be working on autopilot even the great michael douglas looks bored here i can honestly say i have never in all my life viewed another film with so many glaring plot holes the twist is predictable from square one and the characters motives are so utterly ridiculous that they inspired laughter from the audience avoid this at all costs this is a catastrophe of a movie with no redeeming value,0
so i thought id throw in a few words about william mcnamara not a bad way to spend a couple of hours if you want to see him in his tightywhities its obvious he pumped up for this role and he looks pretty darn good in them or less theres an extended sequence in a cave where he has to strip down to his undies theres a nice bit where he has to chase after miss eleniak in the buff with only his hands cupped over his groin william mcnamara is naturally a little on the skinny side but he has a nice generous handful of a booty also theres a moment when hes getting out of bed that if you pause the action at just the right moment you can see the whole enchilada if youre inclined to do so and come on half of the people who choose to watch a movie about navy men on a road trip are id just like thank dennis hopper for his equal opportunity gratuitous nudity can william mcnamara act heck if i know,0
francis ford coppola wrote and directed this stunningly personal story of a married womans flight from her husbandand the reality that perhaps the youthful glee and excitement of her younger years are behind her we learn little about this womans marriage except that she has been feeling her independence slipping away as of late shes also recently learned shes pregnant which has further complicated her heart she doesnt want to be a complacent wifey despite the maternal way she speaks to her husband over the phone she meets two men on her journey a former college football hero whoafter an accident during a gamehas been left with permanent brain damage and a sexy strutting motorcycle cop who has a great deal of trouble in his own life the clear clean landscapes as photographed by the very talented wilmer butler are astutely realized as are the characters shirley knight james caan and robert duvall each deliver strong gripping performances most especially since these are not very likable people in conventional terms some scenes such as knights first call home from a payphone or her first night alone with caan where they play simon says are almost too intimate to watch coppola toys with reality turning the jagged memories of his characters into scrapbooks weve been made privy to he allows scenes to play out yet the editing is quite nimble and the film is never allowed to get too heavy there are at least two or three very frisky moments its a heady endeavorso much so that the picture was still being shown at festivals nearly five years later some may shun coppolas unapologetic twisting of events in order to underline the finale with bitter irony however the forcefulness and drive behind the picture nearly obliterate its shortcomings from,1
finally got to see this movie last weekend what a disappointmentit barely reaches made for tv level given the list of actors i would have expected something substantially more sophisticated the movie lacks a good story well actually any story for that matter it has no credibility instead lots of predictability save yourself the money and the time,0
new rule nobody is allowed to make any more zombie movies unless they actually come up with an original ideasadly this movie doesnt they have the premise that bounty hunters go out and kill zombies and prove it by cutting off their fingers well problems with that most people have ten fingers why not just collect ten bounties for one zombie why not just kill a regular person and pass that off as a zombie finger not to mention the utter silliness of hunting zombies with a bolt action riflei sometimes think films like this are resume fillers for makeup and fx guys hey this is what i did with ten dollars and some recylced bottles deposit imagine what i could do if you gave me a budget do you think anyone goes to drama school or cinema school to star in a zombie movie i went to the school of the arts check me out as the tunnel zombie in quick and the undead his mother must be so proudthese had to be the wimpiest zombies ever as a whole crowed of them apparently couldnt push down a wooden door or even break a glass window no they had to wait for the bounty hunter to open the door for them,0
i would have enjoyed this movie slightly more had not been for jason herb evers constant harping on experiment many early reviewers of the seven samurai accused toshiro mifune of overacting yet as more and more critics viewed that film they saw it as being purposefully done jason evers is obviously not toshiro mifune and his overacting is exactly thatmost of the actors in this b classic were rather good actors minus evers and the showgirls if you watch this movie you would have noticed evers shouting almost every line that is until he is smoking and blowing the smoke coolly out his nose the special effects were par for the course in a b movie such as this one in hindsight there isnt much that stands out in my mind as fantastically good or bad for this movie,0
its hard to use words for this movie since it contains none itselfbut the images it conveys both powerful and sweeping are ones which remind us why we watch movies and you might be saying well leonard maltin doesnt like it it cant be that good but youre wrong see this movie french cinematic brilliance en ensemble,1
imagine thiswhenever two people meet in this movie one of them is shot the plot just does not exist it appears that someone shot some action sequences and then tried to put them together to make a movie out of it if you decide to watch it you will regret it,0
im not the type of person to watch tv shows because the acting normally sucks or its unrealistic or too dramatic but this show is perfect everyone can act and you can relate to the characters and their situations everyone has their own personality and lorelai gilmore is the best for her sarcastic comments that can make any bad situation seem a little funny rory gilmore is a good role model for all girls she takes pride in wanting to attend harvard and boysboyfriends always come second in her book shes a loyal friend and always the peace maker theres subtle romance which is what i like personally not the mushy gushy romance that not many people get to have in their lives but a realistic type of romance every character eventually gets it and they dont find their prince charming at first glance and they dont just fall in love with every guy that comes their way its a realistic show but when you watch it you better brush up on your movies pop culture and random facts because lorelai gilmore is always making references i fell in love with this show and if you give it a chance so will you,1
i didnt have huge expectations for this film when renting it for at the video store but the box at least showed a little promise with its killer cut of more gore more sex cant go wrong there well needless to say the box is a fraud how in the hades did actors and actresses of this caliber sign on for a film this lowit all opens with a drunken college girl walking out of a frat house or some other building like that and saying some useless crap to her boyfriend as a camera on a bad steadicam follows her then she gets chased by some dude in a clear plastic mask and grabbed by another they slit her wrists for no real reason and you can see when they cut her that someone drew the cuts with what looks like a crayonfrom there repeat the same theme of the girl getting chasedkilled unbrutally by two guys for about more minutes add in one tit shot that is soul survivorsi wouldnt have had a problem with this film had the box not frauded me into renting the flick if i rent a bad film that claims to have more violence and sex i want more violence and sex one full frontal shot in minutes from a chick who is clearly androginous and gore that would not scare a child does not cut it if this is the killer cut what is the theatrical cut of course i doubt this garbage was actually put into theaters in the first place shame on the actors in this film i could see them making their screen debuts in here because they have not done anything before but they were all established before this was released i dont know if it was filmed before they had all been established and the studio sat on the film until they were semibig names or not but what i want to know is they really spent million on this film,0
this is an excellent film with an extraordinary cast and acting i was very disappointed with the academy awards when this didnt get the oscar for best film and for best actress woopi goldberg it certainly deserved it in any case take a look at it i am sure you will enjoy it very much,1
i watched this movie probably more than times the jokes are now years old but every time i watch it it makes me fall off my chair two of the finest actor salman khan and aamir khan plays the lead roles here even if aamir khan is a much better actor and got the better rolesmart guy in the movie salman khan matches and sometimes perform even better as the dumb guy all the characters are memorable this movie is filled with hilarious oneliners and funny situationsa little too silly probably dont try to look for logic in this movie let your brain relax for some time i promise it will be an experience to remember,1
well they sent it on tv between midnight and am it seems like the right time to watch it and then go to bed afterwards no it was not really living up to my expectations i think the dogma concept is good because the film then gets closer to whats really happening between the involved characters when you cut all the unnecessary effects and moodmaking music out but then again this concept requires some interesting action between the charactersi cannot say that i know king lear the shakespeare version very well if i had known the play i would probably have been able to predict much of the filmwell a crisis can bring the best and worst sides of a character on display and we certainly see some bad sides oh yes the paint of civilisation and culture can be very thin and behind this paint you may find an animalif you then compare it with italiensk for begyndere italian for beginners or mifunes sidste sang mifunes last song you see the same but opposite thing a crisis can certainly bring people to view their life in a more constructive way and if you dare do you may winwhen the film had ended i thought to myself oh thats why i havent seen it before the film has its own beauty the quality of the work of the cameraman actors etc is good but the script could need something more a plot maybe wouldnt hurt,0
i have been watching this movie repeatedly since it came out even though it is years old now it still cracks me up the jokes are still hilarious and the way the characters are portrayed will make anybody of any age laugh like theyve never laughed before enjoy it,1
ive received this movie from a cousin in norway and had to convert it from norwegian to american format with a copied video comparing this film with the heroes of telemark kampen om tungtvannet the struggle for the heavy water casts the saboteurs themselves playing their respective roles though actors were also cast to play the roles of the saboteurs who have given their lives in norways struggle for freedom in later campaigns the plot is in four languages norwegian along with french german and english complete with norwegian subtitlesimpressive during this course of history was what led to the struggle french scientists were interested in obtaining some two hundred kilograms of heavy water from norsk hydro in vemork to take back to france in order to do lab studies on its effectiveness simultaneously the nazis too were interested in obtaining heavy water to build a secret weapon the french were worried that the nazis might take an early lead by invading norway and through secret codes their man carefully eluded nazi spies on his trip to oslo where he received the heavy water and making it back without hindrance he was watched by two spies as he boarded an airliner but they did not see him hop out on the other side where he crossed the tarmac to another plane nearby where his cargo was waiting for him this clever trick worked by using the airliner as a decoy that the nazis later forced down in hamburghowever the invasion of norway on the morning of april the nazis took over norsk hydro and it was up to the norwegian underground and british intelligence in london to take action professor leif trondstad volunteered the services of eleven young norwegians the swallow and gunnerside groups who would successfully sabotage the heavy water production in vemork this was shown in detail on how they actually carried out the operation including the sinking of the ferryboat after the nazis abandoned norsk hydro to take the shipment of heavy water on rail cars to berlinthe quality of the film was fair though there were many splices in the film i highly recommend this film to anyone interested in world war ii history,1
i have this movie on a collection of inexpensive bmovies its not restored in fact the audio was difficult to discern for the first few minutesat first it seemed like a typical haunted house film and feels very much like the forerunner of clue murder by death house on haunted hill etcabout a half hour into the film the storyline takes a really interesting twistand it goes from being a clich melodrama to something entirely different and far more entertaining than i had initially thoughtcheck it out its a great deal of fun even if the long clips and wider shots and near lack of music score make it feel a bit creaky by todays standards,1
gwoemul the host due to pollution in the han river a mutated beast goes on the rampage the youngest member of the park family is snatched by the beast and it is up to the rest of her family to find her before she becomes the beasts latest mealfirstly i love monster movies mutated bears oversized alligators packs of ravening komodo dragons the whole lot creature features are my favourite kind of horror film so i really wanted to like the host but it wasnt to be there were three major problems with itthe first can be seen with a quick look at its imdb pagegenre action comedy drama fantasy horror scifi thrillertoo many damned genres it took itself too seriously to be a comedy and yet was too light hearted to have any real message though it did seem to be trying to make some kind of statement antipollution antiamerican or antigovernment the drama was misplaced and mixed in a confusing mishmash with all the other stylessecondly after the initial monster attack nothing happens for almost the entire film the central family wander about looking for one of their own while the governments of korea and america apparently do nothing and thats it they just wander about occasionally hitting one another presumably for a bit of comedy relief this lack of action made my attention wander and apparently it did the same for the director as whole plot threads go unresolved a mystery plague invented by the evil americans is completely forgotten about and is never resolvedand lastly the film is clumsily political it paints the americans as being stupid and evil but gives us no american characters with any more depth than a cartoon villain the opening scene has the most obvious stupid american vs wise korean moment with a korean morgue assistant asking his boss the coroner not to pour chemicals into the han river the american coroner all but cackles maniacally as he orders the assistant to carry on as well as being racist its lazy filmmaking and there is no excuse for thaton the plus side the monster is good kind of a mix of the relic and deep rising some of the movement effects are quite cool and the initial monster chase through the park is a lot of fun there are also some nice shots in the film some of which remind me strangely of the way firefly was filmed shuddering cameras out of focus shots etcthere is also a nice scene at the end where the hero and a little boy he has saved are sitting in the familys mobile food stall its nighttime and snow is falling the streetlamp is giving out a cold light but the food stall has a warm glow coming from itoverall i was really disappointed by this film id been looking forward to a decent creature flick and instead i get some pseudopoliticalhorrorcomedy lite looking at the comments on imdb i cant help but think that if this had been a us production it would have been slated just cause its a foreign flick doesnt mean its any good there have been some great movies out of korea in recent years the vengeance trilogy and brotherhood for example but this certainly isnt one of them for once im in favour of a remake tighten up the directing improve the scripting and this could have been a nice film as it is its not worth a couple of hours of anyones time,0
st watched direugene levy corny comedy murder mystery with very few laughs the movie appears to be based on an earlier italian movie according to the credits but was rewritten by two fairly popular american romantic comedy writers but this one by charles shyer nancy meyers does not cut it compared to their other efforts the story is about a couple of downandout traveling americans played by richard lewis and sean young who stumble upon a lost dog and hope to make a fortune in reward money after seeing an ad in the paper for the dachsunds return upon trying to return it they see a hand sticking out of a garage door at the ladys residence that they believe is attached to the rest of the dead body of the woman who is supposed to give them the money they freak out and instead of contacting the police and telling them the truth they make out like runaways from the scene expecting to be framed for the murder the other characters in the film are met on a train prior to this and hang around a monte carlo gambling resort doing various things to be pulled into the story the other cast members include character actors john candy james belushi cybill shepherd george hamilton and others after the police find out about the death they start questioning the main characters and of course they have to work thru their goofy lies to figure out what really happened none of the character actors mentioned earlier can bring this movie out of its mediocre state despite some funny moments mostly provided by the belushishepherd couple this isnt a horrible movie it just isnt that good there are plenty of average movies out there and this is just another one for the pile try it maybe youll like it probably you wont,0
after some difficulty johnny yuma arrives at his ailing uncles ranch to take over day to day operations only to find out that the old man has been murdered by his beautiful golddigger wife and the womans vicious brothergood production values a likable performance by mark damon and a breezy action packed script combine to make this an entertaining if not exceptionally deep above average addition to the spaghetti western genrecostar rosalba neri is one of the hottest european babes ever to grace the screen here shes absolutely perfect as the coldhearted user and abuser of weak mendamon and neri appeared together in at least one other picture the devils wedding night a pretty good horror movie thats of particular interest for those of you that want to see whats underneath rosalbas dresses,1
this is probably the only film ive seen where the imdb reviews on both sides of the spectrum are accurate the stupids is an atrocious dimwitted film with absolutely no artistic merit whatsoever and is a denigration to a director like john landis and thats what makes it greatin order to appreciate the stupids you have to keep in mind a littleknown but very true maxim spoken by director abo kyrou i urge you to learn to look at bad films they are so often sublime in order for any film to work the film must establish and follow its own logic and if it does so convincingly and sincerely then its actually possible for the film to work for example when you watch freddy got fingered as a traditional grossout comedy its complete and utter garbage when you watch it with the understanding that its actually a neosurrealist comedy its brilliantit works with good movies too if jaws hadnt accepted the reality it created the airtank explosion ending wouldnt have worked but a lot of people think jaws is vastly overrated for this type of reason and they arent wrong but it has its strengths doesnt it the point being that a movie like this makes sense if you look at it with the right perspective some people like me get it right away while others never will no matter how often its explained jim jarmusch made a compelling defense of showgirls once and even afterwards i still cant see it from his pov doesnt mean hes wrong though if you have the right frame of mind when you watch this movie and no i do not mean stoned im gonna put that to bed right now you can actually enjoy the movie for the dumb cheap pointless slapstick latesearlysstyle farce that it isthe defenders and haters of this film are right its stupid and thats the point the movie accepts the stupidity of the characters much in the same way the jerk accepted navin johnsons idiocy and because it takes that and runs with it the movie focuses exclusively on using that to forward the plot and to define the characters a bad movie would actually do this and fail to use that logic properly bad movie are bad because they make it up as they go along whereas movies like the stupids knows where its going what its doing and why from the beginningi cant defend the film from an artistic standpoint which is why i give it such a low rating the acting is mostly bad the jokes very superficial and the liveaction quality probably ruins what would have worked as a cartoon but i cant deny that it is entertaining in its own way and thats why i defend it i got it right away and i pity those who dontill admit i was drawn to this movie because of christopher lees delicious cameo appearance hearing him say release the drive bee would have been worth the rental price even if i hated this film but was amazed to find that aside from the tv studio applause sign segment with jenny mccarthy i was never bored and never disappointed in fact many of the jokes because of their cartoonish context were hilarious in particular the airbagcigarette explosion they were dumb but they were funny and the movie doesnt pretend to be anything else a stupid comedy about stupid characters and instead of apologizing for it it enjoys itselfand thats exactly why it works,0
this film is massively boring and pretentious there is only one good moment when a sailor shaves mr barneysthink the purple dinosaurless pretense eyebrow the music is relentlessly cloyingit is sad that bjork someone with so much inner beauty has been brought down to pretentious falsity in her art the pomp of the tea service makes a beautiful ritual seem vapid the mythology and culture are not respected in this film they are lifted not just from japanese culture but from another filmmakerstay tuned in a perfect art imitates life momentthe crew of the ship finds a giant piece of sht which is what the audience found in the theatre there are some set pieces which are very composed and arty without heartthen prepare for spoilersim talking to you mr barneythe emperor has no clothes mr barney you have been outted i have seen jodorowskys holy mountain and your thin fake veil of bs has been lifted you have stolen your images your style and your entire art catalogue from this man now that holy mountain has been released finally lets hope the powers that be at the art councils of the world stop financing you poor jodorowskylost in a financial battle with the beatles lawyer when he is the lennonmccartney of filmmaking and btw while jodorowsky is the beatleyou are the monkees a cheap thin soulless rip off only liked by facile kitschy college freshmen and btw i am a filmmaker if you are interested in making a reality filmi will legally fight you in a ring defending jodorowskyyou defending outright thievery,0
this anime is a mustsee for fans of evangelion its an earlier work of anno hideaki but his unrestrained dramatic style is quite in place also those who didnt like evangelion might find this release to bit slightly more palatable gunbuster is rather unique to scifi anime in that its actually based on real science in fact the show has several little science lesson interludes explaining the physics behind some of the events in the movie one of the big dramatic points in the film is the relative passage of time at speeds near that of light the series does a wonderful job of dealing with the imaginably traumatic experience of leaving earth on a six month mission traveling near the speed of light and returning to an earth where ten years have passed the main character remains age or throughout the entire series while almost all of the other characters age considerably be warned this show is heavy on the sap at times it also has a couple of the most wholly unmerited breast shots that i have ever seen i found it fairly easy to ignore the skimpy uniforms and boohoo scenes because the series is otherwise very good but viewers with a low sap tolerance might want to stay away from this one on an interesting note gainax as always managed to run out of money in the last couple of episodes however they managed to use black and white film and still action sketches to produce a good resolution anyway the ending is a bit silly but it left me with such a good feeling in my gut i couldnt help but love it gunbuster is in my opinion one of the finest pieces of anime around,1
bar hopping seems to be trying to be about the stereotypical bar tender and lay shrink serving up pearls of wisdom followed by example vignettes played out by the cast however this turkey is a jumbled mess with a script full of simpleminded cliched nonsense hard to follow herkyjerky flow unsatisfying and not worth the time d,0
this is on my tv right now but only long enough for me to finish panning it in this comment the previous comment let me know that this movie will not get any better no matter how much i hope and pray i will concur this movie is a colossal waste of my time and would be of your timeit is not going to get any better i cant believe this screenwriter is doing atlas shrugged i hope he has improved a millionfold i see some other credits on his resume that have had good reviews but im still not convinced if you are familiar with his work please post something here because i really want to see atlas shrugged and would hate it if this guy turned it into the garbage that this movie turned out to be,0
begotten is one of the most unique films ive ever seen it is more to me a study of sound light and dark and movement than a real story the type of thing you see as a video instillation at the museum of modern art than a film enjoyed at the local theater im not going to try to interpret the images of the mother nature the beasts in cloaks the twisted and tortured body of her child some things just defy interpretation,1
rich in love is a sliceoflife film which takes the viewer into the goings on of a somewhat quirky charleston sc family highly romanticized beautifully shot well written and acted ril washes over you like a summer breeze as its plotless meandering breathes life into the characters such that at films end youll feel like an old friend of the familya wonderfully crafted characterdriven film from the director of driving miss daisy ril is a somewhat obscure little sleeper which will appeal most to mature audiences,1
i honestly had somewhat high expectations when i first began to watch this movie but it turned out to be probably one of the most boring films i have ever seenfirst of all the pace is incredibly slow so it seems much longer than it is and its not shortim sure when jane austen wrote the book she made it several pages long filled it with description and didnt intend for people to read in in one day or it might drag and lose its appeal which emma most certainly did now sense and sensibility had this flaw of a slow pace but at least it had lively lines to make up for it as well as some good performancesthat brings me to flaw which is of course the acting while i dont happen to care for basically anybody involved in this film i am sure they are capable of good work but i didnt see much of it in this movie it was like people were trying too hard to be witty too hard to be upperclass too hard to be british well some of them so they all just came off as a bunch of actors and not as people the cast as i said seemed only like actors and not actually like the people they were playing maybe thats a good thing because the people they played really werent all that nice why did everybody like emma for example sure she was nice to the rich handsome people in front of them but she was an awful gossip behind their backs if her friends were ugly then she didnt even bother to go behind their backs so why is this girl so great why do people have to tell stories just to make her laugh of course the snob couldnt even do that right i have enough problems with gwyneth paltrow as gwyneth paltrow and her emma did not exactly change my opinionwell its easy to see that i did not care for this one im sure its a lovely book and all but some books are really not meant to be made for the big screen and emma is one of them,0
one of the worst films i have ever seen but extremely funny not on purpose though every scene that contains anything to do with aircraft romance script or acting is badly messed upi recommend this film for all pilots its so bad that you should burst into laughter at some point in the film also see airport the concorde for the same reasonanyone else avoid this film like the plague except for fans of bmovies of courseenjoy,0
i dont usually comment but there are things that need to be said where to startthe acting on jeremy londons part was horrible i didnt think he could be so bad the plot could have been good had it been well directed along with a good solid performance from the lead actor unfortunately this is one of those movies you read about and think it has great potential to be entertaining but get disappointed from the start well at least i got good laughs i wouldnt waste my time if i were you,0
i own ralph bakshis forgotten masterpiece fire ice on an old oop rental videotape well for one thing this is better than any other conanesque film youll ever see sure its cheesy but who cares it stood the test of time and the only way it started to look cheesy is in comparisons to modern fantasy epics like lotrfotr though i love that film the plot goes like this after a battle between fire ice a kings daughter is kidnapped by jarols ice subhuman creatures while a sole survivor of a victimized village rescues her yeah it doesnt sound as a original as nurse betty but thats not the point it is really to bring to life an interesting idea of a world of two enemies fire ice and it succeeds as for the action scenes superb they are well handled have terrific suspence and have plenty of loud noises just check out the climatic battle now thats an ending the acting and dialogue competent really they arent gonna be nominated for an oscar but they are ok and dont get on your nerves the animation is quite good shot on d and rotoscoped i think it looks pretty good a lot of the backgrounds look really detailed and well drawn and although the character designs feel a little dimentional they are ok overall this is a fine neglected little gem and will entertain you more than any of the superfical entertainment,1
this trashy b movie attempts to masquerade as a study of sexual addiction but it is really a poor excuse for a sexploitation flick the story revolves around sammy horn subtle name played by michael des barres sammy is a restaurant owner with a clueless wife grace rosanna arquette and a young child he has a sexual addiction and must have meaningless sex every five minutes with any woman in his field of vision who will agree and of course every woman on the planet finds him irresistible despite the fact that he looks old enough to be collecting social securitythe story is centered on a conversation with his therapist nastassja kinski where he is describing each of his sexual exploits via flashback this is nothing more than a convenient launching point for a parade of serial sex acts which consumes at least of the screen timeit is hard to know where to begin criticizing a film this bad the production values are abysmal the movie is shot on video with a look somewhere between a tv soap opera at best and an amateur porn flick shot in someones garage the direction by joseph brutsman is horrible with bad lighting uninspired framing and poor actor direction the script is vapid and the dialogue mindless and vulgarwomen are generally portrayed as sex obsessed nymphomaniacs just waiting for an addict like sammy to come along and rough them up while feeding their insatiable appetites with some impersonal copulation as an example graces sister comes over to indignantly inform sammy that she knows hes been sleeping around and that she is going to tell his wife his response to that is to throw her up against the wall and begin raping her about three seconds into it she has an epiphany and is instantly converted to one of his sex disciples begging him to give her more just as they finish grace walks in and sis says to her oh great to see you gotta run to pick up timmy and mums the word about sammys indiscretions the bond of loyalty has been sealed with a good ravishment no spoiler here because it is so typical of the obvious nature of the film that anyone who had seen the first fifteen minutes could have predicted itthe sex depictions are all overdone mechanical and so poorly simulated that they are more comical than erotic most of them are done with both participants fully clothed the acting is wretched michael des barres presents all the depth of a rain puddle he really seems to get into the thrusting and profanity of the sex parts but when it comes to actually acting with arquette and kinski he is adrift rosanna arquette is the closest thing to an actor in this film giving a bearable performance and looking genuinely hurt when she finally discovers that her perfect husband is a lecherous animal nastassja kinski is far too compassionate as the therapist but at least we have some acting happening here the rest of the cast is just a collection of elevated body doubles to whom they give thought provoking lines like hit me harder is that the best you can do and oh god yesthis movie is among the worst i have ever seen a dubious distinction given the thousands of films i have viewed i have given it the extremely rare dishonor of rating it not to be seen within three hours of any meal,0
the screaming skull opens with a warning and an offer for free burial services if you should die watching it now theres a hook the story itself has a fairly interesting premise for a horror flick scheming husband marries a wealthy woman with a history of mental illness then attempts to convince her that shes going insane with shrill noises mysterious knocking and skulls that turn up at inopportune times add to the formula a sufficiently creepy gardener who still cherishes the memory of the mans first wife who he was devoted to maybe its just that the s didnt have the technology to pull off some of the scare scenes needed to juice up this movie the techniques used here seem contrived and mundane but then again when i first saw house on haunted hill as a nine year old it gave me the heebie jeebies in the same way im sure this film did for young viewers of the same eradont get me wrong the film is not terrible it just seems to get tedious at times but theres some great atmospheric tension in the generally huge but unfurnished whitlock home and the gardens and pool are a nice touch for me the best played out scene involves eric whitlock john hudson going maniacal in the pond attempting to retrieve the hidden skull he just wades right in clothes and all in neat contrast to the mentally challenged gardener director alex nicol in a dual role it makes you wonder who the real dimwit wasin its own good way perhaps the most shocking thing about the film how about that neat roadster the whitlocks make their first appearance in gull wing doors in that at least made me jump out of my seat,0
this movie is a good example of the extreme lack of good writers and directors in hollywood the fact that people were paid to make this piece of junk shows that there is a lack of original ideas and talent in the entertainment business the idea that audiences paid to see this movie and like an idiot i rented the film is discouraging alsoobsessed teacher years prior kills teenagers family because he wants her for no reason he kills the mother father and brother from the first five minutes you see the bad acting and direction years later obsessed teacher breaks out of prison hmmusual bad writingno one in the town he terrorized knows until the last minute obsessed teacher somehow becomes like a navy seal and can sneak around sniff out people and with a knife is super killer sure now obsessed teacher kills hotel maid for no reason knifes bellhop for the fun of it and starts to hunt down the teenagers friends now there is the perfect way to get the girl to love you obsessed teacher sneaks out of hotelagain it is stupid ever cop would know his facebut he walks right by them now he kills two cops outside teenagers house and somehow sneaks into her bedroom and kills her boyfriendthere is not one single positive thing about this piece of garbage if any other profession put out work of this low quality they would be fired yet these idiots are making hundreds of thousands of dollars for writing and directing this trash,0
this was a highly original decent movie and a brave move for all those involved i dont care if its not the most well puttogether movie of all time the fact that it has eddie murphy doing something nonformulaic and that i dont know what will happen next makes it a favorite of mine i wish more movies were as imaginative as this one rather than the same old formula for entertainment,1
this is one of the silliest movies i have ever had the misfortune to watch i should have expected it after seeing the first two but i keep getting suckered into these types of movies with the idea of maybe they did it right this time nope not even closewhere do i begin how about with the special effects to give you an idea of what passes for sfx in this movie at one point a soldier is shooting at a raptor as it runs down a hallway even with less than a second of screen time the viewer can easily see that it is just a man with a tail apparently taped to him running around bad bad bad badhow about the acting if thats what you can call it there is one character who i suppose is supposed to be from the south however after living in the south for six years now i have never heard this way of talking perhaps he has some sort of weird disability the inability to talk normally i find it fascinating that the character does nothing that requires him to have that accent therefore there was no reason for the actor to try to do onehow about the plot its pretty basic raptors escape people with guns must hunt them down im starting to wonder why the dinosaurs in these movies always seem to run into the nearest system of tunnels wouldnt they stay outside to hunt prey oh well at least they have the good sense to appear very very little in the movie which supposedly revolves around themother things lets say you are in a building and you know that there are man eating raptors running around in it would you decide to take time out to have an argument about who is better army or marine and then decide to have an arm wrestling contest to settle it how about the idiotic idea that they have to track down the raptors split up into groups of two didnt they ever watch any horror movies or at least an episode of scooby doo in short this is one of the dumber movies out there miss it unless you want to groan your way through a movie,0
wonderful romance comedy drama about an italian widow cher whos planning to marry a man shes comfortable with danny aiello until she falls for his headstrong angry brother nicholas cage the script is sharp with plenty of great lines the acting is wonderful the accents ive been told are letter perfect and the cinematography is beautiful new york has never looked so good on the screen a mustsee primarily for cher and olympia dukakistheyre both fantastic and richly deserved the oscars they got a beautiful funny film a must see,1
without peter ustinov and maggie smith this could easily have been a turkey but they are brilliant ustinov is at his best and for fans of maggie it is great to see her in her early days matching ustinov every step of the way for with and timing for englishmen in their fifties and i am in that bracket it is always entertaining to see glimpses of and hear sounds of the swinging sixties and although this film spends a lot of time in offices it has plenty of sixties nostalgia including red buses carnaby street a song by lulu and a delicious shot up the microskirt of a waitress the like of which england has never seen since in public places as an it engineer i know that the computer hacking tricks are laughable but they are not meant to be taken seriously nor are the wonderful stereotypes of italians french and germans,1
a remake of the silent film based on the novel by maurice leblanc the detective series would be made into numerous plays films and tv series in the uk the us and france over the years this version starred the smashing barrymore brothers john as the duke and lionel as detective guerchard they would also star together in grand hotel dinner at eight and several others over the next couple years sonia karen morley shows up in the dukes bed during a party in this prehayes code film first the lights go out in the bedroom then they go out in the main ballroom then the search is on for the crook and the missing jewelry as well as other missing valuables you can tell talkies hadnt been around too long as they still use caption cards several times also watch for a new kind of safe that doesnt need a combination wellthought out plot no big holes but no big surprises here either not bad for an early talkie film clever ending,1
shore leave is mostly an average star trek adventure nothing wrong with the episode though i simply think that this is not the best representation of what the show had to offer to fans it is lightweight entertaining nothing more however im glad to see that a tv show of this type had enough good sense to take a break from serious intergalactic conflicts in this episode kirk decides to grant his crew some time off and a landing party is beamed down to a planet that looks like the perfect place for a vacation as usual the planet is not as peaceful as it appears to be there are some action and tense moments but most of the story is played for laughs good but unexceptional,1
i thought the movie i do they dont was fantastic in the past ive watched rob estes on suddenly susan melrose place and also josie bissett on melrose place and loved seeing them together again in i do they dont they have great chemistry together i guess being married in real life helps that in the movie they are both widowed with children and careers and they fall in love and try blend their already busy chaotic families together without dropping the ball of course they stumble but they keep it together which is what working and raising a family is all about so many people have been talking about this movie all good and the movie left us wanting more this would make a great series appealing to many ages it would be so nice to see a real life down to earth family show like this that portrays the reality of so many of our lives today instead of the so called reality tv that all the stations are overwhelming us with these days someone tell the people at abc family they have the start of a new series here,1
frankly i met real han su ying before and seeing her portrayed by an american actress which has no resemblance of anything chinese makes my head spin while i am watching this movie why cant hollywood get nancy kwan instead at least its more true to the storycos for goodness sakedr han su ying is chinese i know cos i have meet her in personand looking at the whole castso few asian faces in a movie about a asian love story makes me wonder too i think the acting is good but without real asian faces in a asian love story makes the plot so corny and a whole load of baloneyits just like another movie i know of the conqueror imagine my eyes pop out when i see john wayne as genghis khanand to make matter worst how on earth can a man born an bred in mongolian steppes come up with a alabama southern accent and a cheap imitation of anything asiangood griefi am not surprise that one day i will see dr martin luther king jr being played by one of the boys from the black and white minstrel showwould love to see thatand laugh the whole roof off cheers,0
adrian has just gone out of the asylum being rich and with no parents his life seems empty one day he meets gonzalo a poor boy whom mother is prostitute desperate for earning some money gonzalo helps adrian to search about his life and who where his parents this is a movie from a new director and it is perfectly clear in most of the film scenes not correctly directed dialogues a little forced some incoherences in the scriptanyway the ending is unexpectedly well done well just a little and that saves a little the film actors are known and with great quality nevertheless they are not inspired enough to make the movie interesting all of them have done better papers in other film the film results boring and probably you will spend most of the time thinking how much time will pass until it ends of course there are lots of worse films but sure there are many many better ones,0
it is not an easy film to watch it is over three and a half hours long and it is composed entirely of conversations yet it is so incredibly compelling and ruthlessly observational of the human character that it is in my humble opinion one of the very greatest films of all timethe film is depressing cynical and cruel if you want something uplifting see jacques rivettes fantastic cline and julie go boating which was made around the same time it shows the idealism of the late s to be nothing different from the society that it was trying to changeit involves a supposedly liberated mnagetrois between alexandre played by jeanpierre leaud marie bernadette lafont and veronika francoise lebrun yet alexandre is shown to be as chauvinistic and jealous as any other man the women are exposed as being willingly subservient and defining their femininity through the male gazethe film is an extremely icy end to the highly revolutionary french new wave this movement was one of the most significant movements in film history and had a profound effect on cinema as we know it jeanpierre leaud was one of the key actors of the new wave having starred among other films in the influential les quatres cent coups by francois truffaut as a rebellious teenager director jean eustache is not as well known as other directors from the new wave but he should bethere is no improvisation unlike in john cassavetess similar films made in the us and the dialogue comes from reallife conversations the film is resonant with eustaches personal experiences for example francoise lebrun was a former lover of eustache eustache himself committed suicide in and the reallife person that the character marie was based on did too the anger and bitterness all culminate in a harrowing monologue by veronika delivered directly to the audience breaking down the coldly objective nature of the rest of the film this mesmerising personal and honest filmic statement remains one of the most revealing films of human nature around,1
joseph h lewis was one of the finest directors of film noir this is surely his bestit doesnt have some of the standard features of what we now call film noir though americanmade it is set entirely in england it lacks gangsters it lacks a femme fatale it does not lack crimethe title character answers an ad she is overjoyed that shell be making some money as a secretary instead she wakes up days later as the pawn in a frightening plot only a very strong person could survive such a terrifyingly unsettling ordeal and nina foch gives the sense of a strong woman as juliapart of the excitement comes from casting against type ms foch has an elegant manner she is no screaming cowering victim she is actually a bit icy and patrician albeit impecunious this makes her characters plight all the more believablesurely the single most fascinating element is the casting of dame may witty she was and is probably most famous for the charming title character in the lady vanishes she has a sweet manner and a harmless slightly dithering manner but here she is far from a heroinegeorge macready is excellent as her extremely troubled son the whole cast in fact is superbit seems that this famous and brilliant movie was made almost by accident undoubtedly the director knew exactly what he was doing but he did it on a low budget that is the thrill and charm of film noir the real film noir it is small convincingly lowlife and in this case unforgettable,1
firstly i loved the book more so than the more popular da vinci code and although the dvc film was not well received i liked it and bought the dvd however there is no chance that i will ever want to watch angles and demons ever againthe film barely resembles the book in fact only the general premise of the story is therefrom the very start of the film i was disappointed in the book robert langdon receives a call and fax from maximilian kohler director of cern who finds the body of father cant remember the name and then requests langdon to come using the super fast plane in the book the only people who knew about this technology that the father and daughter team had created were themselves and the camerlingo in the film however there was a massive team involved so the tension was never there how did they find out etcleaving out or rather changing this whole part of the story was a massive mistake and was in my mind what made it a poor movie it changed everything that happened from then on when the camerlingo was confronted in the popes locked room it should have been maximilian kohler who shot the video from his wheel chair the commander rushed in to get the camerlingo but was shot by olivetti in the film it was the commander in the room and olivetti was shot err i think i got this right but i was bored and cant really remember the events in the filmthere was no love interest between vittoria and robert and in the book she wasnt at cern when he arrived and was indeed was flown in from her research work in the book all four of the preferratti were killed but in the film the last one of the four survived the fountain in the book vittoria was kidnapped and robert had to rescue her and it was they that killed the assassin at the church of the illuminati not blown up like he was in the film by the camerlingo the bit where robert was confined under a stone coffin was not there saved by his mickey mouse watch alarm ok in the book we are led to believe that langdon bailed out of the helicopter fair enough to say that this was a bit far stretched but it was important in the film because he had to race back with the film there was no mention of how vittoria and her adopted father became involved this was also important in getting to know the character of vittoriain all one of the worse films i have seen i would have left early but my brain went numb and i lost the use of my legs temporarily a really really reeeeeeaaaaaaalllly poor attempt and not one of ron howards finest in fact how he will get work again is beyond me i want my money back,0
the mummys curse is the last in the series of the kharis mummy films and it seems that creativity had run somewhat dry by the time they made this one kharis and his mate ananka both end up in the bayous of louisiana and on his resurrection he searches out his beloved princess how they end up in louisiana isnt made entirely clear but with various people trying to find them the viewer can be assured of some mummy murdersthe mummys curse was watchable but it really wasnt anything special i had the feeling throughout the movie that id seen this before quite frankly apart from the original the mummy with boris karloff the mummy movies are not my favorites among the old universal horrors theyre not bad but they do get a bit repetitivethere are some great scenes in the movie the scene with ananka coming to life in the swamp for instance but overall this didnt do much for meits worth seeing if you want to be completest and see all of the mummy movies but otherwise you might want to pass on this one,0
